a,b,class
0.219306,0.331034,0.0
0.468703,0.617054,0.0
0.322825,0.731437,0.0
0.066958,0.771691,0.0
0.654836,0.120182,0.0
0.111972,0.43849,0.0
0.213721,0.436567,0.0
0.535142,0.446333,0.0
0.356212,0.480636,0.0
0.204291,0.399213,0.0
0.478378,0.112094,0.0
0.144749,0.591632,0.0
0.020325,0.418836,0.0
0.498184,0.164586,0.0
0.130741,0.411908,0.0
0.172094,0.150517,0.0
0.097537,0.325999,0.0
0.766198,0.200323,0.0
0.555254,0.267129,0.0
0.162877,0.764397,0.0
0.411176,0.332133,0.0
0.434126,0.538743,0.0
0.334635,0.030305,0.0
0.637043,0.076205,0.0
0.54149,0.236732,0.0
0.427198,0.170721,0.0
0.445631,0.608966,0.0
0.161657,0.270943,0.0
0.508469,0.0618,0.0
0.161565,0.011078,0.0
0.373699,0.626606,0.0
0.159764,0.566515,0.0
0.325877,0.351726,0.0
0.090274,0.206519,0.0
0.58208,0.057955,0.0
0.501144,0.536027,0.0
0.122044,0.467421,0.0
0.377453,0.538621,0.0
0.174993,0.09772,0.0
0.567736,0.17362,0.0
0.209754,0.45146,0.0
0.109043,0.302194,0.0
0.499924,0.352519,0.0
0.237129,0.069094,0.0
0.475448,0.281564,0.0
0.394086,0.11478,0.0
0.454207,0.624775,0.0
0.211493,0.439894,0.0
0.515152,0.091769,0.0
0.58449,0.11185,0.0
0.167791,0.718406,0.0
0.422559,0.020112,0.0
0.102237,0.693228,0.0
0.752159,0.162145,0.0
0.425214,0.342753,0.0
0.224006,0.214057,0.0
0.122654,0.065096,0.0
0.053804,0.432508,0.0
0.075961,0.086337,0.0
0.157964,0.651326,0.0
0.021393,0.555864,0.0
0.24427,0.753929,0.0
0.536515,0.074892,0.0
0.770135,0.04828,0.0
0.059145,0.737236,0.0
0.321055,0.079623,0.0
0.546342,0.19602,0.0
0.183203,0.56447,0.0
0.291086,0.267647,0.0
0.627308,0.308451,0.0
0.501846,0.588305,0.0
0.193884,0.412214,0.0
0.184973,0.36079,0.0
0.662801,0.347362,0.0
0.597186,0.326548,0.0
0.004883,0.091342,0.0
0.194128,0.054903,0.0
0.040895,0.567217,0.0
0.318369,0.553056,0.0
0.348094,0.059755,0.0
0.647206,0.223121,0.0
0.465194,0.113315,0.0
0.015931,0.790063,0.0
0.167516,0.54976,0.0
0.404798,0.048616,0.0
0.339335,0.230262,0.0
0.014039,0.764306,0.0
0.192846,0.155644,0.0
0.126591,0.666066,0.0
0.222388,0.166295,0.0
0.331858,0.450819,0.0
0.233406,0.317057,0.0
0.502579,0.011567,0.0
0.180456,0.033052,0.0
0.021485,0.582537,0.0
0.498337,0.372936,0.0
0.017579,0.332102,0.0
0.314371,0.377697,0.0
0.103427,0.434919,0.0
0.125889,0.686483,0.0
0.019684,0.553331,0.0
0.407361,0.164098,0.0
0.540025,0.477371,0.0
0.147099,0.22129,0.0
0.61626,0.041322,0.0
0.726402,0.193793,0.0
0.151524,0.351024,0.0
0.028199,0.252724,0.0
0.154851,0.726371,0.0
0.368267,0.12479,0.0
0.327982,0.259438,0.0
0.253609,0.60152,0.0
0.155736,0.267067,0.0
0.529069,0.208808,0.0
0.531449,0.517808,0.0
0.610065,0.44496,0.0
0.164769,0.209357,0.0
0.036256,0.023286,0.0
0.203833,0.720267,0.0
0.369152,0.028809,0.0
0.248024,0.143498,0.0
0.121189,0.198737,0.0
0.410352,0.441877,0.0
0.023743,0.233558,0.0
0.088992,0.342051,0.0
0.679983,0.14066,0.0
0.368664,0.373547,0.0
0.696463,0.289041,0.0
0.656209,0.29725,0.0
0.458724,0.322642,0.0
0.518326,0.031617,0.0
0.205237,0.039308,0.0
0.260262,0.16245,0.0
0.717765,0.350871,0.0
0.393262,0.254494,0.0
0.012299,0.487899,0.0
0.371044,0.247505,0.0
0.561907,0.501541,0.0
0.264504,0.07007,0.0
0.641011,0.168249,0.0
0.320292,0.693136,0.0
0.696097,0.121128,0.0
0.476577,0.298013,0.0
0.302164,0.687216,0.0
0.330119,0.110355,0.0
0.615833,0.281167,0.0
0.376446,0.604175,0.0
0.212043,0.132664,0.0
0.296426,0.344737,0.0
0.361187,0.125065,0.0
0.257271,0.739952,0.0
0.237465,0.660512,0.0
0.752434,0.266182,0.0
0.685904,7.32E-4,0.0
0.261208,0.706442,0.0
0.353282,0.581622,0.0
0.065676,0.139439,0.0
0.26487,0.385846,0.0
0.400678,0.138707,0.0
0.509751,0.399701,0.0
0.63979,0.001434,0.0
0.205084,1.22E-4,0.0
0.547319,0.205756,0.0
0.479812,0.007904,0.0
0.50914,0.11951,0.0
0.003723,0.018403,0.0
0.571734,0.166631,0.0
0.080569,0.363414,0.0
0.227149,0.46263,0.0
0.406629,0.163182,0.0
0.004425,0.381664,0.0
0.355266,0.084658,0.0
0.102878,0.088412,0.0
0.159368,0.517869,0.0
0.304147,0.300546,0.0
0.109531,0.789056,0.0
0.682516,0.226783,0.0
0.227577,0.080386,0.0
0.043794,0.518082,0.0
0.782434,0.118015,0.0
0.300424,0.469924,0.0
0.320383,0.239845,0.0
0.31431,0.432997,0.0
0.564776,0.463393,0.0
0.658467,0.258339,0.0
0.358501,0.312082,0.0
0.47908,0.141728,0.0
0.387341,0.134373,0.0
0.423017,0.342875,0.0
0.01587,0.16654,0.0
0.433638,0.415113,0.0
0.038026,0.702048,0.0
0.290506,0.066897,0.0
0.525956,0.496963,0.0
0.22306,0.696249,0.0
0.272164,0.266091,0.0
0.094485,0.700888,0.0
0.27781,0.30546,0.0
0.408429,0.388531,0.0
0.190283,0.068056,0.0
0.170721,0.42024,0.0
0.228156,0.645558,0.0
0.408887,0.416089,0.0
0.558123,0.264229,0.0
0.249489,0.265633,0.0
0.195563,0.241035,0.0
0.636982,0.300027,0.0
0.65041,0.211341,0.0
0.316111,0.581469,0.0
0.77224,0.081393,0.0
0.36607,0.60683,0.0
0.314493,0.193823,0.0
0.166662,0.250923,0.0
0.314982,0.675405,0.0
0.496963,0.19895,0.0
0.069216,0.55034,0.0
0.443587,0.598163,0.0
0.049562,0.569292,0.0
0.505142,0.186987,0.0
0.590442,0.419355,0.0
0.455702,0.194922,0.0
0.179724,0.709311,0.0
0.684439,0.033296,0.0
0.398328,0.346385,0.0
0.477981,0.402295,0.0
0.562181,0.385815,0.0
0.284433,0.240638,0.0
0.128788,0.778588,0.0
0.049318,0.038148,0.0
0.4008,0.296152,0.0
0.437208,0.097049,0.0
0.710013,0.214728,0.0
0.125706,0.196326,0.0
0.075686,0.2566,0.0
0.408918,0.456343,0.0
0.486587,0.615253,0.0
0.096652,0.062807,0.0
0.638112,0.449568,0.0
0.247383,0.164006,0.0
0.700125,0.259499,0.0
0.496841,0.449171,0.0
0.456099,0.083071,0.0
0.686331,0.160436,0.0
0.134678,0.035676,0.0
0.305857,0.524186,0.0
0.277841,0.45735,0.0
0.116703,0.574755,0.0
0.541398,0.570971,0.0
0.256508,0.285592,0.0
0.086001,0.236427,0.0
0.537706,0.318125,0.0
0.6133,0.205664,0.0
0.116153,0.395672,0.0
0.221412,0.319895,0.0
0.189703,0.698721,0.0
0.368816,0.305063,0.0
0.425672,0.525285,0.0
0.767907,0.15595,0.0
0.37019,0.527329,0.0
0.449995,0.6404,0.0
0.731773,0.200659,0.0
0.469466,0.0206,0.0
0.147801,0.706046,0.0
0.047334,0.369823,0.0
0.46144,0.372051,0.0
0.462905,0.426923,0.0
0.430677,0.099307,0.0
0.542375,0.062227,0.0
0.00708,0.783898,0.0
0.603412,0.448988,0.0
0.25544,0.269234,0.0
0.74279,0.28431,0.0
0.186285,0.447005,0.0
0.482772,0.445235,0.0
0.424604,0.316752,0.0
0.585986,0.23484,0.0
0.457442,0.608936,0.0
0.451521,0.421583,0.0
0.42436,0.309519,0.0
0.706168,0.374279,0.0
0.504776,0.405225,0.0
0.323466,0.252937,0.0
0.03647,0.079653,0.0
0.318125,0.343669,0.0
0.26133,0.131718,0.0
0.419233,0.053163,0.0
0.40257,0.355724,0.0
0.201697,0.640126,0.0
0.293283,0.552812,0.0
0.607532,0.248299,0.0
0.396863,0.476608,0.0
0.33726,0.343577,0.0
0.376812,0.286935,0.0
0.182043,0.729881,0.0
0.187628,0.715293,0.0
0.157231,0.184729,0.0
0.019105,0.468032,0.0
0.537797,0.560747,0.0
0.028871,0.648366,0.0
0.025056,0.470931,0.0
0.323008,0.434889,0.0
0.092135,0.017396,0.0
0.143773,0.488174,0.0
0.475448,0.099307,0.0
0.185034,0.775048,0.0
0.472152,0.354625,0.0
0.145543,0.368267,0.0
0.064577,0.355083,0.0
0.265725,0.266274,0.0
0.53621,0.117191,0.0
0.19834,0.703787,0.0
0.379131,0.021271,0.0
0.396039,0.228645,0.0
0.086276,0.524033,0.0
0.567675,0.158025,0.0
0.398114,0.010498,0.0
0.268593,0.725761,0.0
0.146641,0.303598,0.0
0.512497,0.475539,0.0
0.099094,0.205054,0.0
0.053194,0.472823,0.0
0.665456,0.113742,0.0
0.452437,0.073397,0.0
0.514695,0.379955,0.0
0.379864,0.260445,0.0
0.27308,0.453932,0.0
0.100406,0.210242,0.0
0.528245,0.478652,0.0
0.368084,0.301065,0.0
0.594897,0.319407,0.0
0.412275,0.388714,0.0
0.321909,0.156835,0.0
0.343242,0.591784,0.0
0.216895,0.493728,0.0
0.349101,0.430311,0.0
0.368389,0.06595,0.0
0.228126,0.747978,0.0
0.463973,0.517441,0.0
0.563677,0.532853,0.0
0.458266,0.567431,0.0
0.299539,0.181494,0.0
0.668661,0.204718,0.0
0.370281,0.706656,0.0
0.425459,0.213843,0.0
0.00885,0.371044,0.0
0.126286,0.153294,0.0
0.027314,0.396588,0.0
0.369701,0.691671,0.0
0.017853,0.776788,0.0
0.535844,0.5674,0.0
0.271737,0.633503,0.0
0.296762,0.229926,0.0
0.442701,0.05356,0.0
0.340526,0.261788,0.0
0.635792,0.4373,0.0
0.473464,0.161382,0.0
0.479598,0.627003,0.0
0.649892,0.195288,0.0
0.439955,0.564196,0.0
0.478317,0.180059,0.0
0.392102,0.644093,0.0
0.25135,0.31196,0.0
0.242042,0.636677,0.0
0.563036,0.195654,0.0
0.460799,0.429456,0.0
0.47383,0.145543,0.0
0.105564,0.21952,0.0
0.254952,0.009125,0.0
0.158055,0.249184,0.0
0.281991,0.471419,0.0
0.632435,0.157292,0.0
0.524155,0.196234,0.0
0.634724,0.34257,0.0
0.364177,0.294717,0.0
0.003204,0.394116,0.0
0.410169,0.622303,0.0
0.278176,0.536973,0.0
0.631458,0.458205,0.0
0.196234,0.698508,0.0
0.527848,0.39198,0.0
0.456801,0.104587,0.0
0.657399,0.142399,0.0
0.121952,0.035096,0.0
0.282723,0.019745,0.0
0.254402,0.402478,0.0
0.539232,0.182958,0.0
0.219184,0.331217,0.0
0.220557,0.386273,0.0
0.536241,0.127781,0.0
0.45909,0.072237,0.0
0.365825,0.37846,0.0
0.169317,0.187292,0.0
0.082461,0.610218,0.0
0.064699,0.711142,0.0
0.481826,0.025391,0.0
0.234077,0.21955,0.0
0.336985,0.677938,0.0
0.074618,0.757836,0.0
0.064669,0.412,0.0
0.445753,0.417432,0.0
0.313822,0.02884,0.0
0.569079,0.409711,0.0
0.105075,0.553026,0.0
0.717978,0.274667,0.0
0.508377,0.36436,0.0
0.115146,0.782647,0.0
0.208411,0.487411,0.0
0.526231,0.360332,0.0
0.1919,0.121891,0.0
0.573107,0.13947,0.0
0.373852,0.273659,0.0
0.667714,0.060854,0.0
0.632374,0.266793,0.0
0.591632,0.448897,0.0
0.470382,0.438002,0.0
0.372692,0.539506,0.0
0.052644,0.533341,0.0
0.322916,0.552141,0.0
0.352275,0.382611,0.0
0.193487,0.352672,0.0
0.079867,0.298105,0.0
0.266945,0.042573,0.0
0.365246,0.2425,0.0
0.338176,0.208869,0.0
0.435408,0.595325,0.0
0.413221,0.467757,0.0
0.411695,0.481399,0.0
0.562029,0.442183,0.0
0.094913,0.641804,0.0
0.451064,0.319437,0.0
0.735252,0.257454,0.0
0.06119,0.436018,0.0
0.293008,0.076968,0.0
0.051302,0.229621,0.0
0.076815,0.151097,0.0
0.424421,0.17597,0.0
0.278909,0.259072,0.0
0.652425,0.011902,0.0
0.739647,0.275796,0.0
0.714866,0.289743,0.0
0.388134,0.671224,0.0
0.017823,0.107761,0.0
0.19483,0.732261,0.0
0.482986,0.286843,0.0
0.709983,0.048708,0.0
0.522263,0.47261,0.0
0.131046,0.554613,0.0
0.593158,0.181127,0.0
0.136174,0.26307,0.0
0.46849,0.005982,0.0
0.078402,0.035554,0.0
0.199896,0.176244,0.0
0.418928,0.556078,0.0
0.69219,0.010529,0.0
0.091189,0.133213,0.0
0.096255,0.727073,0.0
0.15302,0.388165,0.0
0.415235,0.604572,0.0
0.183844,0.110904,0.0
0.335276,0.503922,0.0
0.049471,0.608997,0.0
0.62569,0.279122,0.0
0.405499,0.201514,0.0
0.705069,0.015259,0.0
0.17478,0.082217,0.0
0.444777,0.505051,0.0
0.100772,0.039644,0.0
0.537461,0.20484,0.0
0.525407,0.335978,0.0
0.384503,0.451827,0.0
0.070559,0.594653,0.0
0.173833,0.752647,0.0
0.031281,0.322764,0.0
0.335795,0.356609,0.0
0.014008,0.032258,0.0
0.494552,0.114963,0.0
0.020081,0.52562,0.0
0.205969,0.51973,0.0
0.014252,0.242256,0.0
0.261696,0.219062,0.0
0.623829,0.032685,0.0
0.046358,0.051881,0.0
0.373272,0.378674,0.0
0.30488,0.530747,0.0
0.197546,0.509201,0.0
0.064608,0.750694,0.0
0.143162,0.003754,0.0
0.228584,0.32725,0.0
0.632038,0.420331,0.0
0.640797,0.211127,0.0
0.484207,0.203986,0.0
0.154271,0.687887,0.0
0.026185,0.681295,0.0
0.427259,0.26487,0.0
0.081881,0.369579,0.0
0.457717,0.549455,0.0
0.747154,0.273568,0.0
0.256111,0.643971,0.0
0.25959,0.642323,0.0
0.402966,0.421796,0.0
0.155553,0.530107,0.0
0.383526,0.44499,0.0
0.062105,0.143315,0.0
0.371197,0.496811,0.0
0.018647,0.554033,0.0
0.675985,0.206397,0.0
0.295907,0.334086,0.0
0.265725,0.189917,0.0
0.040681,0.54149,0.0
0.005524,0.694143,0.0
0.403241,0.617359,0.0
0.005249,0.502853,0.0
0.371654,0.376751,0.0
0.568102,0.142186,0.0
0.546739,0.096011,0.0
0.36198,0.407453,0.0
0.551408,0.574755,0.0
0.020508,0.499863,0.0
0.30546,0.680288,0.0
0.126713,0.089022,0.0
0.445387,0.483139,0.0
0.301889,0.101688,0.0
0.352123,0.369396,0.0
0.52205,0.061708,0.0
0.470901,0.440443,0.0
0.029206,0.302988,0.0
0.009674,0.498978,0.0
0.021149,0.423048,0.0
0.226142,0.688192,0.0
0.612171,0.161107,0.0
0.774621,0.143315,0.0
0.456374,0.011322,0.0
0.635578,0.261727,0.0
0.274087,0.515458,0.0
0.155278,0.782403,0.0
0.10474,0.418195,0.0
0.408368,0.486099,0.0
0.173833,0.356914,0.0
0.459822,0.035676,0.0
0.638386,0.255165,0.0
0.31077,0.095248,0.0
0.320383,0.139134,0.0
0.655232,0.280953,0.0
0.534684,0.365276,0.0
0.18189,0.73751,0.0
0.322031,0.671224,0.0
0.105167,0.155248,0.0
0.373119,0.455184,0.0
0.140934,0.53502,0.0
0.542039,0.282479,0.0
0.567125,0.438032,0.0
0.731651,0.037141,0.0
0.182684,0.238411,0.0
0.253914,0.749138,0.0
0.180334,0.739433,0.0
0.592639,0.516556,0.0
0.544023,0.50969,0.0
0.04236,0.194922,0.0
0.247688,0.705039,0.0
0.357097,0.397198,0.0
0.069033,0.757164,0.0
0.765923,0.045991,0.0
0.566698,0.134434,0.0
0.452376,0.194006,0.0
0.065798,0.379925,0.0
0.350688,0.45088,0.0
0.35023,0.033204,0.0
0.324931,0.345958,0.0
0.074496,0.767602,0.0
0.694876,0.235572,0.0
0.30961,0.572253,0.0
0.547136,0.220222,0.0
0.550279,0.282418,0.0
0.180792,0.636433,0.0
0.681356,0.282968,0.0
0.341044,0.099124,0.0
0.233314,0.716147,0.0
0.228492,0.048677,0.0
0.193915,0.405896,0.0
0.461715,0.617878,0.0
0.339732,0.550523,0.0
0.309061,0.272408,0.0
0.153111,0.596759,0.0
0.086612,0.258736,0.0
0.714164,0.147374,0.0
0.048952,0.176153,0.0
0.020234,0.745811,0.0
0.135563,0.496384,0.0
0.573443,0.098331,0.0
0.646321,0.021851,0.0
0.159734,0.064638,0.0
0.385449,0.495956,0.0
0.502426,0.547044,0.0
0.418714,0.293558,0.0
0.316294,0.026276,0.0
0.623951,0.441267,0.0
0.347026,0.145817,0.0
0.056612,0.267861,0.0
0.011963,0.713645,0.0
0.228309,0.122562,0.0
0.259346,0.226508,0.0
0.145512,0.458632,0.0
0.37318,0.380779,0.0
0.063784,0.105106,0.0
0.328227,0.3614,0.0
0.581378,0.499924,0.0
0.090548,0.311075,0.0
0.3155,0.182165,0.0
0.127689,0.364086,0.0
0.334239,0.205115,0.0
0.177099,0.459426,0.0
0.46849,0.463179,0.0
0.259804,0.355754,0.0
0.176214,0.085116,0.0
0.448683,0.092837,0.0
0.074953,0.03882,0.0
0.242317,0.685202,0.0
0.602649,0.265297,0.0
0.026368,0.181433,0.0
0.571917,0.486801,0.0
0.193854,0.64565,0.0
0.269234,0.079684,0.0
0.277505,0.341472,0.0
0.159673,0.7463,0.0
0.591174,0.093326,0.0
0.04059,0.140355,0.0
0.183142,0.512955,0.0
0.220008,0.044374,0.0
0.44438,0.417646,0.0
0.039247,0.548997,0.0
0.038636,0.013123,0.0
0.382946,0.466659,0.0
0.099063,0.050295,0.0
0.390576,0.225318,0.0
0.556566,0.006531,0.0
0.266793,0.422559,0.0
0.428999,0.551592,0.0
0.378887,0.511399,0.0
0.488113,0.309519,0.0
0.020539,0.001556,0.0
0.16187,0.360851,0.0
0.483169,0.334666,0.0
0.697684,0.362224,0.0
0.238472,0.119236,0.0
0.478256,0.305704,0.0
0.351726,0.118259,0.0
0.083529,0.213355,0.0
0.303232,0.440626,0.0
0.262154,0.038972,0.0
0.585925,0.074618,0.0
0.282846,0.307962,0.0
0.320048,0.400189,0.0
0.249825,0.306467,0.0
0.621052,0.184332,0.0
0.275033,0.027192,0.0
0.755089,0.089267,0.0
0.114078,0.086459,0.0
0.173101,0.234443,0.0
0.618397,0.203192,0.0
0.189032,0.16715,0.0
0.552446,0.204291,0.0
0.308267,0.060854,0.0
0.161809,0.126011,0.0
0.009888,0.053713,0.0
0.393078,0.536699,0.0
0.392743,0.671255,0.0
0.012909,0.435011,0.0
0.003967,0.758049,0.0
0.784326,0.049226,0.0
0.704306,0.0065,0.0
0.469527,0.423505,0.0
0.011231,0.383251,0.0
0.49028,0.317698,0.0
0.18067,0.321909,0.0
0.634266,0.158879,0.0
0.149358,0.60741,0.0
0.643544,0.422712,0.0
0.064577,0.425642,0.0
0.332347,0.419233,0.0
0.144475,0.777367,0.0
0.468581,0.132237,0.0
0.079134,0.067171,0.0
0.071505,0.132939,0.0
0.476699,0.630116,0.0
0.065004,0.479995,0.0
0.086978,0.699515,0.0
0.175054,0.521897,0.0
0.381329,0.220313,0.0
0.422987,0.132481,0.0
0.502579,0.609119,0.0
0.231361,0.330393,0.0
0.746178,0.211402,0.0
0.518601,0.067751,0.0
0.671987,0.348949,0.0
0.181677,0.259163,0.0
0.130222,0.588519,0.0
0.545518,0.555589,0.0
0.035585,0.081057,0.0
0.442549,0.570391,0.0
0.403668,0.525407,0.0
0.661946,0.269234,0.0
0.443434,0.374126,0.0
0.412458,0.288827,0.0
0.450301,0.342296,0.0
0.37199,0.402264,0.0
0.583789,0.04944,0.0
0.321024,0.088778,0.0
0.430525,0.47029,0.0
0.49382,0.393414,0.0
0.443342,0.290414,0.0
0.028321,0.602008,0.0
0.639607,0.191595,0.0
0.603534,0.162999,0.0
0.194433,0.208075,0.0
0.503891,0.17542,0.0
0.30253,0.682272,0.0
0.289804,0.070223,0.0
0.440718,0.508255,0.0
0.385296,0.699698,0.0
0.055788,0.467635,0.0
0.208533,0.470351,0.0
0.521195,0.477065,0.0
0.191626,0.060366,0.0
0.095828,0.227027,0.0
0.59151,0.268136,0.0
0.051393,0.382214,0.0
0.423139,0.040223,0.0
0.379315,0.415204,0.0
0.669362,0.088839,0.0
0.140538,0.283059,0.0
0.323222,0.024201,0.0
0.200201,0.443007,0.0
0.141362,0.133366,0.0
0.65569,0.00708,0.0
0.462966,0.292276,0.0
0.066622,0.28077,0.0
0.384991,9.16E-4,0.0
0.12183,0.602588,0.0
0.150975,0.214057,0.0
0.35963,0.074709,0.0
0.631458,0.455428,0.0
0.114505,0.076632,0.0
0.016724,0.200629,0.0
0.359081,0.527909,0.0
0.489029,0.197668,0.0
0.215674,0.709708,0.0
0.025666,0.672414,0.0
0.270089,0.743461,0.0
0.083407,0.455672,0.0
0.648152,0.096042,0.0
0.632038,0.288461,0.0
0.239509,0.208502,0.0
0.760094,0.126438,0.0
0.30369,0.409314,0.0
0.316599,0.289438,0.0
0.035676,0.599902,0.0
0.194739,0.411878,0.0
0.461196,0.061831,0.0
0.716819,0.238868,0.0
0.082644,0.754753,0.0
0.25367,0.560625,0.0
0.437239,0.079409,0.0
0.207831,0.61916,0.0
0.412641,0.513565,0.0
0.334025,0.718925,0.0
0.006226,0.2743,0.0
0.708945,0.067721,0.0
0.585498,0.409009,0.0
0.574053,0.518296,0.0
0.255623,0.276986,0.0
0.334819,0.50676,0.0
0.32728,0.183081,0.0
0.53444,0.541551,0.0
0.240608,0.23896,0.0
0.22898,0.101566,0.0
0.128941,0.542802,0.0
0.10654,0.464583,0.0
0.71926,0.314432,0.0
0.304666,0.732231,0.0
0.467208,0.630329,0.0
0.229469,0.089389,0.0
0.528092,0.180975,0.0
0.628956,0.361034,0.0
0.16834,0.397504,0.0
0.012574,0.186956,0.0
0.014435,0.429975,0.0
0.563433,0.389904,0.0
0.102786,0.743126,0.0
0.276101,0.3314,0.0
0.192297,0.048982,0.0
0.116184,0.680868,0.0
0.253334,0.597217,0.0
0.20127,0.481033,0.0
0.425398,0.044343,0.0
0.751366,0.063295,0.0
0.603748,0.006409,0.0
0.710013,0.24778,0.0
0.184881,0.040437,0.0
0.186773,0.057497,0.0
0.537278,0.372387,0.0
0.197668,0.176092,0.0
0.222388,0.71633,0.0
0.57152,0.450056,0.0
0.615192,0.151708,0.0
0.124393,0.342692,0.0
0.670217,0.027467,0.0
0.58919,0.012299,0.0
0.143468,0.670766,0.0
0.334758,0.529618,0.0
0.144658,0.105625,0.0
0.11301,0.500076,0.0
0.68276,0.124027,0.0
0.428755,0.592578,0.0
0.394848,0.445296,0.0
0.092135,0.252327,0.0
0.47911,0.097812,0.0
0.040895,0.254555,0.0
0.649892,0.414411,0.0
0.607105,0.468337,0.0
0.067568,0.61272,0.0
0.267586,0.513108,0.0
0.505692,0.126408,0.0
0.204474,0.374126,0.0
0.691824,0.163182,0.0
0.323862,0.166509,0.0
0.556688,0.15363,0.0
0.415113,0.367718,0.0
0.16596,0.444655,0.0
0.0094,0.17832,0.0
0.702872,0.375225,0.0
0.056948,0.224464,0.0
0.334208,0.205145,0.0
0.362621,0.035585,0.0
0.247505,0.225166,0.0
0.405377,0.514878,0.0
0.754509,0.262154,0.0
0.199713,0.297586,0.0
0.496353,0.511246,0.0
0.174963,0.170293,0.0
0.129917,0.779534,0.0
0.712973,0.151891,0.0
0.040284,0.298441,0.0
0.613483,0.187933,0.0
0.556475,0.3802,0.0
0.123661,0.761986,0.0
0.606586,0.149876,0.0
0.694143,0.146275,0.0
0.553362,0.532273,0.0
0.627613,0.475661,0.0
0.672414,0.371136,0.0
0.525925,0.247291,0.0
0.46733,0.61858,0.0
0.412,0.667623,0.0
0.37608,0.213691,0.0
0.366497,0.515915,0.0
0.106235,0.096927,0.0
0.654836,0.291513,0.0
0.196234,0.030244,0.0
0.664052,0.317576,0.0
0.007019,0.326548,0.0
0.40379,0.037294,0.0
0.150884,0.131626,0.0
0.432325,0.523606,0.0
0.166021,0.035096,0.0
0.692251,0.00296,0.0
0.561113,0.182104,0.0
0.10181,0.308084,0.0
0.612415,0.386425,0.0
0.279763,0.327708,0.0
0.398877,0.06238,0.0
0.269356,0.204627,0.0
0.178381,0.068667,0.0
0.20481,0.596149,0.0
0.375347,0.212073,0.0
0.672506,0.42787,0.0
0.20011,0.496902,0.0
0.701529,0.10242,0.0
0.222968,0.64449,0.0
0.076083,0.640492,0.0
0.689077,0.21363,0.0
0.089663,0.646809,0.0
0.503891,0.15659,0.0
0.14951,0.076907,0.0
0.539567,0.154149,0.0
0.10419,0.382397,0.0
0.382733,0.023927,0.0
0.099429,0.486923,0.0
0.427076,0.368572,0.0
0.012848,0.397809,0.0
0.266854,0.418439,0.0
0.160375,0.375896,0.0
0.612201,0.050813,0.0
0.206977,0.706046,0.0
0.723716,0.192236,0.0
0.639698,0.011933,0.0
0.660512,0.025788,0.0
0.462722,0.303934,0.0
0.571429,0.252449,0.0
0.524461,0.360912,0.0
0.519059,0.108768,0.0
0.678549,0.118473,0.0
0.302988,0.255318,0.0
0.24723,0.357128,0.0
0.133335,0.71511,0.0
0.506424,0.248573,0.0
0.362835,0.258156,0.0
0.20896,0.671651,0.0
0.107425,0.365459,0.0
0.009522,0.322611,0.0
0.350475,0.564959,0.0
0.245827,0.22013,0.0
0.593951,0.252998,0.0
0.018311,0.181188,0.0
0.231178,0.730094,0.0
0.24131,0.760887,0.0
0.437391,0.279885,0.0
0.439039,0.452956,0.0
0.242927,0.277352,0.0
0.127445,0.306192,0.0
0.649648,0.048372,0.0
0.248451,0.655446,0.0
0.045442,0.191534,0.0
0.420698,0.531419,0.0
0.517258,0.556169,0.0
0.284463,0.200293,0.0
0.069796,0.51268,0.0
0.689871,0.316019,0.0
0.291482,0.586718,0.0
0.232368,0.17835,0.0
0.20716,0.023072,0.0
0.616718,0.361522,0.0
0.193365,0.596026,0.0
0.5421,0.477798,0.0
0.081515,0.205634,0.0
0.278909,0.084506,0.0
0.0824,0.735527,0.0
0.60622,0.341288,0.0
0.689993,0.094546,0.0
0.020508,0.201544,0.0
0.127689,0.544206,0.0
0.200659,0.40379,0.0
0.378094,0.588214,0.0
0.007843,0.55916,0.0
0.573809,0.228797,0.0
0.502091,0.201331,0.0
0.45143,0.151036,0.0
0.196905,0.547014,0.0
0.277627,0.568957,0.0
0.443922,0.277352,0.0
0.552293,0.119236,0.0
0.455916,0.551866,0.0
0.134007,0.210364,0.0
0.492813,0.57564,0.0
0.21897,0.581835,0.0
0.403088,0.180151,0.0
0.470351,0.129093,0.0
0.083407,0.395764,0.0
0.023621,0.315409,0.0
0.111972,0.401166,0.0
0.166051,0.451155,0.0
0.525712,0.481124,0.0
0.018738,0.058565,0.0
0.253029,0.008911,0.0
0.234413,0.55974,0.0
0.228645,0.529679,0.0
0.06708,0.663015,0.0
0.024659,0.057833,0.0
0.642293,0.35847,0.0
0.183447,0.489181,0.0
0.71511,0.049043,0.0
0.141972,0.597583,0.0
0.68337,0.09949,0.0
0.249947,0.712149,0.0
0.498367,0.514145,0.0
0.475326,0.535813,0.0
0.1377,0.531877,0.0
0.652944,0.154942,0.0
0.246498,0.166509,0.0
0.251991,0.423414,0.0
0.546892,0.03119,0.0
0.253548,0.500046,0.0
0.541154,0.478042,0.0
0.456252,0.356792,0.0
0.078066,0.582568,0.0
0.692495,0.350841,0.0
0.341288,0.074465,0.0
0.524339,0.592486,0.0
0.556261,0.295175,0.0
0.122745,0.517747,0.0
0.307443,0.310831,0.0
0.306101,0.18363,0.0
0.484298,0.621387,0.0
0.52205,0.452773,0.0
0.370495,0.190558,0.0
0.156133,0.576281,0.0
0.194006,0.723594,0.0
0.150914,0.324259,0.0
0.185369,0.467116,0.0
0.085116,0.731254,0.0
0.111026,0.575274,0.0
0.951506,0.441603,1.0
0.900845,0.249611,1.0
0.937681,0.003265,1.0
0.746483,0.686819,1.0
0.849391,0.02472,1.0
0.672536,0.721213,1.0
0.823145,0.455611,1.0
0.737449,0.651082,1.0
0.699179,0.86343,1.0
0.972411,0.075167,1.0
0.889767,0.427808,1.0
0.67037,0.546861,1.0
0.215949,0.958861,1.0
0.555773,0.62331,1.0
0.801935,0.074923,1.0
0.890439,0.676626,1.0
0.938505,0.839869,1.0
0.755242,0.587512,1.0
0.696646,0.919187,1.0
0.798822,0.09418,1.0
0.996582,0.226295,1.0
0.030213,0.825526,1.0
0.616474,0.798456,1.0
0.778314,0.442183,1.0
0.617267,0.640553,1.0
0.571398,0.889645,1.0
0.329356,0.896481,1.0
0.036561,0.838954,1.0
0.714103,0.654683,1.0
0.103793,0.978393,1.0
0.615223,0.961516,1.0
0.253792,0.897,1.0
0.756005,0.618793,1.0
0.493027,0.909848,1.0
0.905148,0.664083,1.0
0.47618,0.727134,1.0
0.288644,0.870144,1.0
0.782708,0.285134,1.0
0.931822,0.178228,1.0
0.06769,0.863063,1.0
0.911588,0.92288,1.0
0.383953,0.992828,1.0
0.812555,0.492172,1.0
0.526688,0.973144,1.0
0.994812,0.396008,1.0
0.108249,0.978698,1.0
0.908261,0.771294,1.0
0.856563,0.082492,1.0
0.689383,0.695669,1.0
0.778191,0.199591,1.0
0.908414,0.621998,1.0
0.643391,0.691092,1.0
0.61333,0.584124,1.0
0.649403,0.91345,1.0
0.337413,0.756767,1.0
0.602832,0.564074,1.0
0.044465,0.855922,1.0
0.965361,0.346232,1.0
0.786096,0.560045,1.0
0.842891,0.737327,1.0
0.865047,0.911893,1.0
0.822565,0.94055,1.0
0.951689,0.713401,1.0
0.820734,0.328227,1.0
0.438917,0.916105,1.0
0.728843,0.389508,1.0
0.342112,0.856105,1.0
0.986328,0.018983,1.0
0.577746,0.844661,1.0
0.653432,0.874569,1.0
0.179113,0.952177,1.0
0.829432,0.577532,1.0
0.841212,0.020173,1.0
0.356761,0.817652,1.0
0.270516,0.924741,1.0
0.996918,0.009186,1.0
0.352702,0.733207,1.0
0.285592,0.803034,1.0
0.978454,0.315165,1.0
0.848842,0.935606,1.0
0.89938,0.78576,1.0
0.784021,0.824122,1.0
0.205847,0.91876,1.0
0.513382,0.66744,1.0
0.84286,0.346294,1.0
0.621845,0.910306,1.0
0.8081,0.369427,1.0
0.578631,0.59389,1.0
0.537523,0.842189,1.0
0.085818,0.840114,1.0
0.415967,0.794702,1.0
0.494186,0.787622,1.0
0.929685,0.554216,1.0
0.897427,0.821436,1.0
0.907987,0.819544,1.0
0.887875,0.623615,1.0
0.558092,0.741691,1.0
0.457839,0.708121,1.0
0.434767,0.956694,1.0
0.720267,0.870968,1.0
0.965575,0.76455,1.0
0.189886,0.890866,1.0
0.896298,0.981536,1.0
0.728721,0.428785,1.0
0.655324,0.479171,1.0
0.768059,0.528214,1.0
0.928983,0.843623,1.0
0.582904,0.568804,1.0
0.837916,0.657094,1.0
0.725181,0.532212,1.0
0.67333,0.668966,1.0
0.140202,0.819971,1.0
0.808588,0.384686,1.0
0.871975,0.504532,1.0
0.580309,0.710532,1.0
0.727927,0.359752,1.0
0.520768,0.975158,1.0
0.469985,0.670583,1.0
0.39201,0.919095,1.0
0.703635,0.546068,1.0
0.485031,0.900967,1.0
0.868587,0.417493,1.0
0.953887,0.426069,1.0
0.936705,0.666616,1.0
0.727683,0.687277,1.0
0.816034,0.149297,1.0
0.596698,0.618366,1.0
0.414441,0.781396,1.0
0.907712,0.899319,1.0
0.868435,0.806848,1.0
0.944243,0.673482,1.0
0.200385,0.957488,1.0
0.941496,0.263344,1.0
0.956755,0.356365,1.0
0.823115,0.26017,1.0
0.051881,0.897458,1.0
0.904813,0.62154,1.0
0.91998,0.39613,1.0
0.044801,0.799371,1.0
0.701071,0.450697,1.0
0.76925,0.991516,1.0
0.959075,0.243812,1.0
0.243568,0.942289,1.0
0.578326,0.767907,1.0
0.855129,0.053194,1.0
0.942778,0.49913,1.0
0.580035,0.767663,1.0
0.707724,0.816034,1.0
0.983306,0.650594,1.0
0.405255,0.892483,1.0
0.962371,0.041902,1.0
0.808039,0.510392,1.0
0.484817,0.830683,1.0
0.87466,0.341899,1.0
0.490555,0.959471,1.0
0.763298,0.56972,1.0
0.400464,0.779565,1.0
0.342021,0.741539,1.0
0.615802,0.846461,1.0
0.692526,0.711631,1.0
0.936094,0.225257,1.0
0.8605,0.549486,1.0
0.811518,0.818354,1.0
0.537584,0.802362,1.0
0.200232,0.97235,1.0
0.126682,0.966857,1.0
0.915403,0.239906,1.0
0.925962,0.985046,1.0
0.787805,0.804132,1.0
0.816279,0.421003,1.0
0.938688,0.527421,1.0
0.884732,0.79397,1.0
0.693167,0.58623,1.0
0.964415,0.276101,1.0
0.753563,0.999939,1.0
0.767174,0.797113,1.0
0.966491,0.537187,1.0
0.77633,0.337168,1.0
0.120212,0.936064,1.0
0.234901,0.775536,1.0
0.779748,0.679922,1.0
0.748497,0.607166,1.0
0.654958,0.691092,1.0
0.814417,0.137974,1.0
0.92291,0.404248,1.0
0.914609,0.700278,1.0
0.881222,0.09537,1.0
0.891476,0.775689,1.0
0.974456,0.081149,1.0
0.206671,0.809961,1.0
0.987945,0.368725,1.0
0.164403,0.91113,1.0
0.833064,0.754875,1.0
0.656178,0.46971,1.0
0.979064,0.314463,1.0
0.78872,0.477004,1.0
0.845271,0.952849,1.0
0.827876,0.121342,1.0
0.495956,0.773858,1.0
0.913633,0.236854,1.0
0.086489,0.833522,1.0
0.821314,0.644154,1.0
0.291299,0.781793,1.0
0.710288,0.434034,1.0
0.668477,0.90463,1.0
0.856502,0.823847,1.0
0.932737,0.728568,1.0
0.745689,0.972747,1.0
0.337199,0.833766,1.0
0.962432,0.646138,1.0
0.567797,0.765282,1.0
0.396802,0.761284,1.0
0.429151,0.688009,1.0
0.978729,0.122745,1.0
0.992584,0.46556,1.0
0.66924,0.73455,1.0
0.692831,0.69161,1.0
0.629658,0.606403,1.0
0.088046,0.94998,1.0
0.276376,0.950011,1.0
0.422742,0.909238,1.0
0.298868,0.759911,1.0
0.53264,0.906278,1.0
0.87936,0.974456,1.0
0.854762,0.923887,1.0
0.762322,0.818567,1.0
0.837977,0.110935,1.0
0.8605,0.237556,1.0
0.175085,0.873745,1.0
0.864284,0.852107,1.0
0.039369,0.911557,1.0
0.8464,0.889065,1.0
0.792169,0.644642,1.0
0.806024,0.880154,1.0
0.920072,0.382366,1.0
0.970244,0.336802,1.0
0.768334,0.277291,1.0
0.721946,0.690756,1.0
0.03357,0.987732,1.0
0.615528,0.940428,1.0
0.976745,0.055055,1.0
0.986602,0.400616,1.0
0.534837,0.873348,1.0
0.67037,0.907926,1.0
0.161657,0.999786,1.0
0.076968,0.991394,1.0
0.952818,0.228462,1.0
0.913633,0.882565,1.0
0.744224,0.426527,1.0
0.815607,0.01822,1.0
0.85403,0.514176,1.0
0.918577,0.344371,1.0
0.875698,0.186865,1.0
0.882595,0.331309,1.0
0.59743,0.613971,1.0
0.571886,0.704123,1.0
0.979064,0.074618,1.0
0.701193,0.869961,1.0
0.803125,0.905026,1.0
0.940764,0.478896,1.0
0.370647,0.864711,1.0
0.140751,0.976928,1.0
0.144169,0.985839,1.0
0.871639,0.696951,1.0
0.639637,0.981079,1.0
0.152501,0.954619,1.0
0.848842,0.039033,1.0
0.934965,0.828822,1.0
0.622547,0.527726,1.0
0.254158,0.826197,1.0
0.603961,0.995544,1.0
0.502945,0.759758,1.0
0.516648,0.928312,1.0
0.804804,0.444197,1.0
0.224525,0.990905,1.0
0.952971,0.983642,1.0
0.398053,0.962706,1.0
0.667104,0.567034,1.0
0.854244,0.229163,1.0
0.888638,0.923673,1.0
0.351421,0.903989,1.0
0.931852,0.760765,1.0
0.469832,0.78573,1.0
0.694357,0.587268,1.0
0.02298,0.845668,1.0
0.843379,0.647267,1.0
0.907651,0.827906,1.0
0.87579,0.876217,1.0
0.673391,0.828181,1.0
0.893429,0.936674,1.0
0.397382,0.850642,1.0
0.720878,0.561419,1.0
0.670858,0.931059,1.0
0.734703,0.61742,1.0
0.446669,0.85226,1.0
0.781213,0.790216,1.0
0.593585,0.554552,1.0
0.76693,0.803583,1.0
0.752525,0.458846,1.0
0.856105,0.07239,1.0
0.934874,0.047456,1.0
0.354198,0.787988,1.0
0.819056,0.081851,1.0
0.827418,0.815149,1.0
0.664296,0.692068,1.0
0.986145,0.465743,1.0
0.718101,0.910031,1.0
0.249428,0.995727,1.0
0.93701,0.768914,1.0
0.583941,0.901181,1.0
0.339152,0.962462,1.0
0.514389,0.866573,1.0
0.852992,0.436048,1.0
0.785455,0.949919,1.0
0.720542,0.771386,1.0
0.518815,0.774468,1.0
0.718619,0.79458,1.0
0.937437,0.508408,1.0
0.883419,0.102084,1.0
0.395428,0.835963,1.0
0.93292,0.841365,1.0
0.904416,0.171972,1.0
0.82403,0.302744,1.0
0.446425,0.733207,1.0
0.423933,0.909787,1.0
0.093875,0.964446,1.0
0.567766,0.783746,1.0
0.817927,0.493454,1.0
0.878384,0.206122,1.0
0.789972,0.735557,1.0
0.660207,0.686575,1.0
0.810907,0.213996,1.0
0.833186,0.311655,1.0
0.834315,0.072726,1.0
0.553056,0.880978,1.0
0.874905,0.13831,1.0
0.512375,0.868648,1.0
0.269356,0.925321,1.0
0.866695,0.390728,1.0
0.981353,0.356059,1.0
0.70333,0.993561,1.0
0.01532,0.952361,1.0
0.727927,0.971709,1.0
0.836818,0.482742,1.0
0.87344,0.322336,1.0
0.875484,0.832575,1.0
0.95529,0.399854,1.0
0.843318,0.982757,1.0
0.536912,0.78634,1.0
0.529557,0.977172,1.0
0.792108,0.672994,1.0
0.913755,0.734367,1.0
0.009644,0.890011,1.0
0.673696,0.446516,1.0
0.550554,0.634114,1.0
0.810877,0.845119,1.0
0.200232,0.916684,1.0
0.787011,0.567858,1.0
0.570696,0.860775,1.0
0.868374,0.476211,1.0
0.506333,0.873653,1.0
0.921537,0.888455,1.0
0.766747,0.978393,1.0
0.929167,0.185095,1.0
0.820826,0.318155,1.0
0.651173,0.81579,1.0
0.814905,0.467483,1.0
0.980926,0.917783,1.0
0.779168,0.426527,1.0
0.699057,0.560076,1.0
0.917905,0.654286,1.0
0.49675,0.895444,1.0
0.880551,0.672597,1.0
0.497635,0.798914,1.0
0.181982,0.967009,1.0
0.946623,0.162206,1.0
0.863643,0.344432,1.0
0.657338,0.460555,1.0
0.958525,0.483108,1.0
0.936155,0.626484,1.0
0.718772,0.428419,1.0
0.84106,0.25486,1.0
0.886227,0.071963,1.0
0.972839,0.340037,1.0
0.816492,0.524461,1.0
0.640126,0.965819,1.0
0.713248,0.641346,1.0
0.057283,0.997589,1.0
0.187506,0.93115,1.0
0.550035,0.956694,1.0
0.971923,0.079684,1.0
0.959349,0.909238,1.0
0.823481,0.649007,1.0
0.879849,0.898068,1.0
0.788842,0.383801,1.0
0.079379,0.913846,1.0
0.336497,0.820185,1.0
0.880978,0.024628,1.0
0.588549,0.683554,1.0
0.053438,0.847285,1.0
0.882565,0.079348,1.0
0.959258,0.571947,1.0
0.666463,0.97824,1.0
0.655385,0.727012,1.0
0.399213,0.885037,1.0
0.782006,0.63628,1.0
0.389477,0.769158,1.0
0.064577,0.8623,1.0
0.96115,0.292825,1.0
0.503952,0.786981,1.0
0.116062,0.846065,1.0
0.430494,0.793512,1.0
0.849452,0.692495,1.0
0.583728,0.711203,1.0
0.057253,0.955168,1.0
0.79873,0.082736,1.0
0.929685,0.441755,1.0
0.83581,0.886105,1.0
0.787774,0.209296,1.0
0.733543,0.710959,1.0
0.858486,0.770684,1.0
0.697226,0.721793,1.0
0.995788,0.348796,1.0
0.983489,0.816858,1.0
0.695883,0.883084,1.0
0.955107,0.135929,1.0
0.587268,0.804163,1.0
0.486465,0.635945,1.0
0.658071,0.759941,1.0
0.441145,0.803949,1.0
0.630909,0.68508,1.0
0.469344,0.95172,1.0
0.079806,0.978607,1.0
0.923582,0.044404,1.0
0.550645,0.743553,1.0
0.899411,0.419141,1.0
0.577532,0.710868,1.0
0.180853,0.886349,1.0
0.432203,0.92581,1.0
0.088565,0.990204,1.0
0.051271,0.932676,1.0
0.802393,0.922025,1.0
0.885189,0.831355,1.0
0.932432,0.678793,1.0
0.851192,0.026856,1.0
0.967132,0.460097,1.0
0.769372,0.717185,1.0
0.985107,0.43141,1.0
0.878994,0.676687,1.0
0.952605,0.295999,1.0
0.37318,0.899167,1.0
0.858638,0.594531,1.0
0.860652,0.064455,1.0
0.309854,0.93054,1.0
0.049837,0.890469,1.0
0.725089,0.759026,1.0
0.421308,0.948424,1.0
0.941832,0.573809,1.0
0.220466,0.858882,1.0
0.959319,0.334391,1.0
0.535447,0.958373,1.0
0.880154,0.39848,1.0
0.717551,0.38731,1.0
0.983734,0.14423,1.0
0.615101,0.68215,1.0
0.86578,0.094058,1.0
0.485366,0.929136,1.0
0.970733,0.744926,1.0
0.317515,0.860988,1.0
0.713492,0.776299,1.0
0.7828,0.379528,1.0
0.209357,0.823084,1.0
0.838374,0.998413,1.0
0.80694,0.184027,1.0
0.901334,0.500687,1.0
0.748772,0.57094,1.0
0.777886,0.740287,1.0
0.87286,0.176092,1.0
0.814844,0.453749,1.0
0.708121,0.380902,1.0
0.832331,0.152776,1.0
0.583941,0.736686,1.0
0.360607,0.724876,1.0
0.347179,0.739128,1.0
0.171819,0.812586,1.0
0.670827,0.438124,1.0
0.734458,0.798608,1.0
0.951964,0.013001,1.0
0.761864,0.302957,1.0
0.431196,0.722159,1.0
0.992645,0.662832,1.0
0.929685,0.726035,1.0
0.856807,0.275735,1.0
0.574084,0.956053,1.0
0.127293,0.800317,1.0
0.786554,0.446181,1.0
0.224525,0.873074,1.0
0.379559,0.833888,1.0
0.054109,0.829981,1.0
0.867397,0.650502,1.0
0.532273,0.684164,1.0
0.759606,0.566637,1.0
0.91641,0.325816,1.0
0.412,0.985321,1.0
0.811579,0.026276,1.0
0.840571,0.741447,1.0
0.818415,0.202948,1.0
0.854854,0.727805,1.0
0.802332,0.295053,1.0
0.236732,0.99237,1.0
0.499069,0.914914,1.0
0.075503,0.994629,1.0
0.789483,0.567064,1.0
0.873898,0.651357,1.0
0.366558,0.773583,1.0
0.958769,0.520463,1.0
0.062899,0.942259,1.0
0.058443,0.822718,1.0
0.414686,0.731651,1.0
0.328745,0.776299,1.0
0.816401,0.389721,1.0
0.69042,0.923032,1.0
0.930692,0.59389,1.0
0.092288,0.95584,1.0
0.794336,0.187658,1.0
0.920835,0.71334,1.0
0.665487,0.487228,1.0
0.457015,0.98468,1.0
0.843928,0.12653,1.0
0.968902,0.237709,1.0
0.803186,0.913236,1.0
0.897488,0.404706,1.0
0.872768,0.413587,1.0
0.870693,0.099612,1.0
0.471419,0.805872,1.0
0.807001,0.915128,1.0
0.795862,0.875362,1.0
0.982757,0.672018,1.0
0.899899,0.721732,1.0
0.905728,0.77871,1.0
0.244484,0.956175,1.0
0.878994,0.570757,1.0
0.930845,0.840236,1.0
0.259041,0.861904,1.0
0.937498,0.02942,1.0
0.762932,0.753288,1.0
0.645894,0.823756,1.0
0.388104,0.858699,1.0
0.665273,0.478957,1.0
0.253731,0.814203,1.0
0.268349,0.850246,1.0
0.866176,0.098086,1.0
0.976043,0.790246,1.0
0.916593,0.221412,1.0
0.879482,0.077181,1.0
0.915708,0.468062,1.0
0.684927,0.522172,1.0
0.811914,0.062654,1.0
0.355113,0.906583,1.0
0.581896,0.610614,1.0
0.56209,0.598224,1.0
0.703055,0.618915,1.0
0.239509,0.872707,1.0
0.633992,0.85757,1.0
0.467269,0.972106,1.0
0.753563,0.799829,1.0
0.21717,0.862697,1.0
0.819025,0.704367,1.0
0.971068,0.444685,1.0
0.494644,0.9541,1.0
0.74102,0.995819,1.0
0.701773,0.947386,1.0
0.767449,0.59151,1.0
0.273537,0.978362,1.0
0.185858,0.99414,1.0
0.891568,0.576342,1.0
0.467421,0.670553,1.0
0.888607,0.682608,1.0
0.756432,0.414686,1.0
0.810389,0.944182,1.0
0.841548,0.587481,1.0
0.514145,0.614063,1.0
0.736595,0.420392,1.0
0.968169,0.825434,1.0
0.638142,0.593097,1.0
0.902066,0.874416,1.0
0.289438,0.933927,1.0
0.553758,0.724876,1.0
0.221412,0.833369,1.0
0.881924,0.7893,1.0
0.88583,0.209479,1.0
0.476516,0.699026,1.0
0.046846,0.972869,1.0
0.787835,0.690146,1.0
0.379589,0.898923,1.0
0.82638,0.580493,1.0
0.459181,0.810541,1.0
0.828303,0.430403,1.0
0.525193,0.749443,1.0
0.621387,0.927671,1.0
0.801172,0.894406,1.0
0.583911,0.881588,1.0
0.653493,0.574786,1.0
0.973052,0.329691,1.0
0.731223,0.461867,1.0
0.938169,0.849178,1.0
0.811518,0.55913,1.0
0.223212,0.768883,1.0
0.548021,0.804651,1.0
0.174261,0.865993,1.0
0.144414,0.813593,1.0
0.648457,0.990326,1.0
0.898953,0.488968,1.0
0.268197,0.795526,1.0
0.318155,0.833338,1.0
0.376354,0.757103,1.0
0.907102,0.411664,1.0
0.865963,0.160894,1.0
0.825251,0.817225,1.0
0.895505,0.757469,1.0
0.550157,0.727012,1.0
0.88406,0.270363,1.0
0.92758,0.908963,1.0
0.667745,0.772332,1.0
0.545335,0.807184,1.0
0.841731,0.303079,1.0
0.845393,0.035981,1.0
0.084231,0.828944,1.0
0.208228,0.944273,1.0
0.783898,0.674886,1.0
0.755272,0.821436,1.0
0.794458,0.897488,1.0
0.434614,0.759941,1.0
0.859157,0.534501,1.0
0.649831,0.548631,1.0
0.766106,0.637715,1.0
0.853389,0.989868,1.0
0.821741,0.421216,1.0
0.964873,0.349315,1.0
0.832759,0.510483,1.0
0.46437,0.916929,1.0
0.482772,0.675924,1.0
0.820521,0.819483,1.0
0.900296,0.584765,1.0
0.996368,0.295755,1.0
0.792871,0.62859,1.0
0.789697,0.265236,1.0
0.962889,0.552965,1.0
0.942412,0.651509,1.0
0.594897,0.861965,1.0
0.993866,0.521043,1.0
0.71865,0.671224,1.0
0.963012,0.266152,1.0
0.965819,0.603351,1.0
0.979919,0.298135,1.0
0.675436,0.603504,1.0
0.861751,0.99472,1.0
0.611896,0.852901,1.0
0.896268,0.212622,1.0
0.627613,0.928739,1.0
0.89346,0.207373,1.0
0.513657,0.710471,1.0
0.631458,0.830226,1.0
0.511704,0.739647,1.0
0.379986,0.877621,1.0
0.9953,0.856685,1.0
0.9129,0.623615,1.0
0.811731,0.723869,1.0
0.326456,0.831721,1.0
0.846004,0.914396,1.0
0.565538,0.884732,1.0
0.954375,0.05768,1.0
0.952086,0.627705,1.0
0.511887,0.866848,1.0
0.631184,0.584613,1.0
0.409253,0.888333,1.0
0.540941,0.857173,1.0
0.9635,0.516343,1.0
0.845119,0.279061,1.0
0.98825,0.617267,1.0
0.905698,0.91232,1.0
0.81222,0.836818,1.0
0.180944,0.787683,1.0
0.863063,0.891751,1.0
0.83874,0.036836,1.0
0.811609,0.751457,1.0
0.516221,0.655934,1.0
0.507035,0.913755,1.0
0.82815,0.831996,1.0
0.807794,0.262093,1.0
0.865505,0.977783,1.0
0.396619,0.95645,1.0
0.820612,0.059908,1.0
0.164556,0.81222,1.0
0.7669,0.566698,1.0
0.397534,0.992828,1.0
0.857845,0.913846,1.0
0.807306,0.88403,1.0
0.355449,0.751915,1.0
0.903134,0.087497,1.0
0.87698,0.430403,1.0
0.264473,0.84579,1.0
0.700156,0.598895,1.0
0.994995,0.247597,1.0
0.607379,0.799921,1.0
0.60799,0.763634,1.0
0.635578,0.514969,1.0
0.96173,0.833186,1.0
0.910184,0.028779,1.0
0.361217,0.715812,1.0
0.801447,0.692404,1.0
0.993591,0.169195,1.0
0.871822,0.690725,1.0
0.063417,0.816706,1.0
0.298013,0.920957,1.0
0.109836,0.916288,1.0
0.94116,0.962401,1.0
0.737327,0.592151,1.0
0.400403,0.898556,1.0
0.727165,0.339427,1.0
0.21128,0.841182,1.0
0.620746,0.992523,1.0
0.473647,0.742119,1.0
0.774316,0.526872,1.0
0.378033,0.789209,1.0
0.622578,0.751823,1.0
0.929594,0.216529,1.0
0.965758,0.717795,1.0
0.80285,0.563463,1.0
0.838466,0.31663,1.0
0.893826,0.874813,1.0
0.59154,0.558672,1.0
0.215827,0.778283,1.0
0.595355,0.90762,1.0
0.914548,0.086734,1.0
0.009278,0.915983,1.0
0.181829,0.792261,1.0
0.448897,0.879666,1.0
0.648305,0.604846,1.0
0.533067,0.943266,1.0
0.779534,0.427931,1.0
0.582293,0.713584,1.0
0.289102,0.829157,1.0
0.823817,0.46144,1.0
0.759606,0.478347,1.0
0.511826,0.845576,1.0
0.735313,0.316416,1.0
0.594256,0.891903,1.0
0.059297,0.979949,1.0
0.407453,0.992035,1.0
0.512223,0.733757,1.0
0.333232,0.776269,1.0
0.860042,0.714988,1.0
0.853114,0.06708,1.0
0.926634,0.642689,1.0
0.961821,0.790735,1.0
0.042421,0.821406,1.0
0.793786,0.774102,1.0
0.990417,0.134831,1.0
0.860439,0.404675,1.0
0.797357,0.800867,1.0
0.448866,0.89642,1.0
0.493942,0.733299,1.0
0.918149,0.233253,1.0
0.323801,0.85403,1.0
0.823847,0.899594,1.0
0.939817,0.891903,1.0
0.701682,0.419996,1.0
0.960295,0.986572,1.0
0.569597,0.862667,1.0
0.948698,0.43321,1.0
0.48677,0.765465,1.0
0.392346,0.761498,1.0
0.904752,0.727592,1.0
0.334086,0.800073,1.0
0.085665,0.863063,1.0
0.722983,0.412793,1.0
0.044069,0.851161,1.0
0.047304,0.948851,1.0
0.718253,0.41496,1.0
0.735313,0.334208,1.0
0.500565,0.845668,1.0
0.555956,0.775506,1.0
0.15598,0.789239,1.0
0.747337,0.664052,1.0
0.915189,0.066744,1.0
0.250252,0.928465,1.0
0.693991,0.421552,1.0
0.912839,0.474776,1.0
0.654927,0.617908,1.0
0.509629,0.815851,1.0
0.994659,0.260842,1.0
1.0,0.706961,1.0
0.079623,0.831233,1.0
0.836421,0.043275,1.0
0.0318,0.806421,1.0
0.838038,0.354839,1.0
0.73925,0.760186,1.0
0.783837,0.730491,1.0
0.860408,0.049715,1.0
0.870418,0.259468,1.0
0.596423,0.966796,1.0
0.860195,0.917905,1.0
0.871395,0.781976,1.0
0.751885,0.680563,1.0
0.679617,0.500107,1.0
0.933042,0.008698,1.0
0.769982,0.374248,1.0
0.883938,0.992462,1.0
0.89114,0.19599,1.0
0.899411,0.652181,1.0
0.810938,0.560625,1.0
0.639424,0.969543,1.0
0.31843,0.750053,1.0
0.984161,0.060945,1.0
0.918332,0.577288,1.0
0.319712,0.845393,1.0
0.860256,0.580157,1.0
0.967895,0.094211,1.0
0.878414,0.658437,1.0
0.90701,0.069979,1.0
0.720847,0.57213,1.0
0.458602,0.993957,1.0
0.202612,0.989868,1.0
0.046175,0.819086,1.0
0.372204,0.852443,1.0
0.817255,0.5197,1.0
0.8052,0.395734,1.0
0.665822,0.654866,1.0
0.982543,0.523148,1.0
0.482833,0.885098,1.0
0.910337,0.313242,1.0
0.718589,0.755272,1.0
0.384686,0.729301,1.0
0.933866,0.143437,1.0
0.083163,0.842769,1.0
0.188971,0.837306,1.0
0.709769,0.517533,1.0
0.697104,0.5768,1.0
0.699087,0.939726,1.0
0.568743,0.98938,1.0
0.901914,0.586718,1.0
0.92581,0.540727,1.0
0.951079,0.594562,1.0
0.780999,0.981658,1.0
0.769311,0.634663,1.0
0.2266,0.949004,1.0
0.903226,0.484787,1.0
0.892727,0.095676,1.0
0.897702,0.071566,1.0
0.644124,0.678152,1.0
0.946471,0.692343,1.0
0.895596,0.848476,1.0
0.67983,0.63097,1.0
0.763787,0.898679,1.0
0.92111,0.579943,1.0
0.939238,0.878414,1.0
0.646626,0.488479,1.0
0.831355,0.020203,1.0
0.657399,0.676016,1.0
0.874264,0.010315,1.0
0.686819,0.411298,1.0
0.86578,0.160436,1.0
0.735527,0.745018,1.0
0.250954,0.783685,1.0
0.815638,0.305033,1.0
0.9953,0.584521,1.0
0.811365,0.401898,1.0
0.345012,0.788202,1.0
0.808405,0.651112,1.0
0.888058,0.772942,1.0
0.954009,0.880642,1.0
0.880642,0.623402,1.0
0.734916,0.404035,1.0
0.883023,0.238533,1.0
0.395917,0.89584,1.0
0.812708,0.25547,1.0
0.898465,0.075228,1.0
0.90994,0.716697,1.0
0.211524,0.914182,1.0
0.679312,0.683187,1.0
0.172613,0.84518,1.0
0.892544,0.727439,1.0
0.666585,0.649709,1.0
0.89761,0.522019,1.0
0.968841,0.839778,1.0
0.374798,0.911924,1.0
0.722617,0.87054,1.0
0.66097,0.558519,1.0
0.355113,0.859462,1.0
0.607379,0.882229,1.0
0.781854,0.948454,1.0
0.052156,0.922483,1.0
0.545824,0.620594,1.0
0.740654,0.65743,1.0
0.900021,0.432478,1.0
0.30961,0.797479,1.0
0.276315,0.897824,1.0
0.675954,0.506119,1.0
0.962676,0.248817,1.0
0.90817,0.109958,1.0
0.554003,0.668844,1.0
0.878933,0.330149,1.0
0.980163,0.423414,1.0
0.924772,0.929167,1.0
0.296915,0.919279,1.0
0.328349,0.946074,1.0
0.858486,0.834101,1.0
0.802637,0.817377,1.0
0.642384,0.81167,1.0
0.768151,0.659261,1.0
0.833918,0.083682,1.0
0.237068,0.949248,1.0
0.988922,0.17362,1.0
0.64095,0.552629,1.0
0.757317,0.908597,1.0
0.853389,0.760552,1.0
0.803797,0.116916,1.0
0.953978,0.636738,1.0
0.539598,0.648488,1.0
0.827967,0.534837,1.0
0.873226,0.903226,1.0
0.220496,0.999634,1.0
0.518815,0.789178,1.0
0.939756,0.646992,1.0
0.041108,0.892087,1.0
0.826533,0.248939,1.0
0.904111,0.711203,1.0
0.862575,0.783807,1.0
0.943541,0.995788,1.0
0.968169,0.502396,1.0
0.882809,0.036561,1.0
0.546861,0.835292,1.0
0.774407,0.542009,1.0
0.567492,0.609882,1.0
0.87817,0.214545,1.0
0.487838,0.768242,1.0
0.838527,0.332102,1.0
0.865871,0.186804,1.0
0.728416,0.527421,1.0
0.607562,0.548631,1.0
0.724204,0.99002,1.0
0.891232,0.286264,1.0
0.482955,0.686697,1.0
0.661946,0.485488,1.0
0.91522,0.908231,1.0
0.982147,0.986602,1.0
0.914518,0.938383,1.0
0.691641,0.776727,1.0
0.084689,0.910978,1.0
0.275796,0.969665,1.0
0.787103,0.593982,1.0
0.941343,0.37318,1.0
0.253059,0.837886,1.0
0.982665,0.601489,1.0
0.952147,0.7846,1.0
0.630634,0.95999,1.0
0.249214,0.875057,1.0
0.264901,0.778893,1.0
0.694388,0.866268,1.0
0.449812,0.809992,1.0
0.91287,0.517899,1.0
0.604053,0.861385,1.0
0.821375,0.623188,1.0
0.958312,0.200385,1.0
0.934843,0.659017,1.0
0.754021,0.881558,1.0
0.908109,0.159124,1.0
0.842402,0.580737,1.0
0.682943,0.504105,1.0
0.759606,0.486679,1.0
0.586688,0.579455,1.0
0.524888,0.861812,1.0
0.312174,0.973571,1.0
0.719718,0.743889,1.0
0.850154,0.836146,1.0
0.975677,0.367626,1.0
0.305368,0.876675,1.0
0.342814,0.978484,1.0
0.852687,0.962706,1.0
0.912137,0.297617,1.0
0.968596,0.320048,1.0
0.015076,0.994659,1.0
0.918027,0.81225,1.0
0.236976,0.874081,1.0
0.744041,0.910733,1.0
0.806909,0.836146,1.0
0.889615,0.377148,1.0
0.901364,0.76223,1.0
0.989349,0.285684,1.0
0.907224,0.282052,1.0
0.714499,0.408429,1.0
0.843867,0.8399,1.0
0.671224,0.620106,1.0
0.829157,0.935301,1.0
0.910306,0.197211,1.0
0.418226,0.874752,1.0
0.293924,0.878719,1.0
0.989807,0.34962,1.0
0.9953,0.81225,1.0
