a;b;class
0.607471;0.90994;0
0.503311;0.750969;0
0.091678;0.972259;0
0.072726;0.734367;0
0.668233;0.898709;0
0.71279;0.894162;0
0.401959;0.77691;0
0.032838;0.859493;0
0.629078;0.661672;0
0.017731;0.018433;0
0.22483;0.704123;0
0.26484;0.407636;0
0.04828;0.674245;0
0.663259;0.774895;0
0.758385;0.988311;0
0.298502;0.627155;0
0.013215;0.171453;0
0.311411;0.392651;0
0.33195;0.72573;0
0.335154;0.622028;0
0.514359;0.584246;0
0.472854;0.789636;0
0.03119;0.237465;0
0.122501;0.555925;0
0.084658;0.681936;0
0.165319;0.903439;0
0.732902;0.930418;0
0.45558;0.832362;0
0.225623;0.565783;0
0.316416;0.56151;0
0.737541;0.999207;0
0.299448;0.984375;0
0.594501;0.899747;0
0.456648;0.545213;0
0.839869;0.887753;0
0.04355;0.580676;0
0;0.538591;0
0.308786;0.460158;0
0.474227;0.900449;0
0.08121;0.516251;0
0.176763;0.490097;0
0.472488;0.648976;0
0.144658;0.960265;0
0.078951;0.295755;0
0.441908;0.778466;0
0.456557;0.89697;0
0.04944;0.665151;0
0.732566;0.910215;0
0.074099;0.660909;0
0.099033;0.307321;0
0.067232;0.529099;0
0.297861;0.597186;0
0.174291;0.789483;0
0.012665;0.696707;0
0.011536;0.890622;0
0.871548;0.954588;0
0.041688;0.328532;0
0.250435;0.919797;0
0.385479;0.989593;0
0.281686;0.712424;0
0.346202;0.679434;0
0.364391;0.890255;0
0.003143;0.631306;0
0.550645;0.898862;0
0.158086;0.59917;0
0.026521;0.263558;0
0.165105;0.447615;0
0.325358;0.688223;0
0.297311;0.320597;0
0.745445;0.9017;0
0.378338;0.610157;0
0.108768;0.272134;0
0.630146;0.816156;0
0.28132;0.837397;0
0.157231;0.877224;0
0.143529;0.468978;0
0.637776;0.730644;0
0.298898;0.657765;0
0.319193;0.579852;0
0.197546;0.537889;0
0.145695;0.298135;0
0.952055;0.999481;0
0.907376;0.951842;0
0.159978;0.299539;0
0.0206;0.760674;0
0.424848;0.671438;0
0.352275;0.381237;0
0.863552;0.904935;0
0.039979;0.665639;0
0.638356;0.74221;0
0.035829;0.475753;0
0.132939;0.663442;0
0.053438;0.581347;0
0.013825;0.018433;0
0.128819;0.691794;0
0.828425;0.854884;0
0.162175;0.689261;0
0.139317;0.162542;0
0.751762;0.964934;0
0.464675;0.963836;0
0.279977;0.340587;0
0.054476;0.653615;0
0.043001;0.925718;0
0.064241;0.564898;0
0.13947;0.97055;0
0.666952;0.7116;0
0.521226;0.796777;0
0.199316;0.199713;0
0.047212;0.964141;0
0.245186;0.491348;0
0.287088;0.994476;0
0.648457;0.8652;0
0.02002;0.418867;0
0.468459;0.72924;0
0.650868;0.769707;0
0.364483;0.771538;0
0.32902;0.643117;0
0.404889;0.5468;0
0.749046;0.945982;0
0.487045;0.69454;0
0.292245;0.29313;0
0.298379;0.937803;0
0.357982;0.778222;0
0.054353;0.364177;0
0.280374;0.78045;0
0.269814;0.51149;0
0.551012;0.795679;0
0.18714;0.610828;0
0.826167;0.988861;0
0.126865;0.717399;0
0.208289;0.365795;0
0.370647;0.927854;0
0.326029;0.379009;0
0.102634;0.415387;0
0.148015;0.850551;0
0.335978;0.372082;0
0.177679;0.693136;0
0.521592;0.737968;0
0.348735;0.494156;0
0.027009;0.997711;0
0.826563;0.953459;0
0.306619;0.308634;0
0.3361;0.783593;0
0.301462;0.600604;0
0.379711;0.751274;0
0.046144;0.588336;0
0.793237;0.847377;0
0.318644;0.655934;0
0.19541;0.277779;0
0.057711;0.989105;0
0.36198;0.911832;0
0.3137;0.917417;0
0.328623;0.958953;0
0.202277;0.330424;0
0.041231;0.779107;0
0.062105;0.128605;0
0.062532;0.886074;0
0.225349;0.406903;0
0.46437;0.752861;0
0.040986;0.157811;0
0.244575;0.314768;0
0.235481;0.238014;0
0.143956;0.557604;0
0.695853;0.802179;0
0.731407;0.972961;0
0.433271;0.96469;0
0.212867;0.877346;0
0.621632;0.730491;0
0.323923;0.341807;0
0.093295;0.473189;0
0.227607;0.239631;0
0.448775;0.588702;0
0.130192;0.524339;0
0.277291;0.967315;0
0.272591;0.832514;0
0.236488;0.615802;0
0.320414;0.808435;0
0.681631;0.775994;0
0.274606;0.477767;0
0.258522;0.606342;0
0.084384;0.558855;0
0.731437;0.786431;0
0.777947;0.780175;0
0.606494;0.894223;0
0.531419;0.688864;0
0.472121;0.771325;0
0.231422;0.704855;0
0.547288;0.879116;0
0.170934;0.625202;0
0.104892;0.932096;0
0.054781;0.812799;0
0.484939;0.811151;0
0.270638;0.424818;0
0.317942;0.47972;0
0.103092;0.471694;0
0.441877;0.591479;0
0.529221;0.646046;0
0.579058;0.792413;0
0.147282;0.71633;0
0.955168;0.986084;0
0.340159;0.723441;0
0.014344;0.199164;0
0.419568;0.76458;0
0.340098;0.465804;0
0.030366;0.679128;0
0.094729;0.458876;0
0.058229;0.960845;0
0.193396;0.281198;0
0.797327;0.895199;0
0.902158;0.975585;0
0.578875;0.641316;0
0.044038;0.750359;0
0.273873;0.424268;0
0.083132;0.73806;0
0.103427;0.338023;0
0.837336;0.941618;0
0.229926;0.800531;0
0.613117;0.710135;0
0.66921;0.887448;0
0.145268;0.729698;0
0.58153;0.978057;0
0.26783;0.355541;0
0.373852;0.906735;0
0.357433;0.670675;0
0.827998;0.891018;0
0.366253;0.409925;0
0.164769;0.863735;0
0.702322;0.851527;0
0.189581;0.704062;0
0.221137;0.83636;0
0.116703;0.382305;0
0.032594;0.59212;0
0.257057;0.795343;0
0.034547;0.424604;0
0.133793;0.294504;0
0.532945;0.587664;0
0.401471;0.614734;0
0.27839;0.539109;0
0.033692;0.738456;0
0.176916;0.543474;0
0.748802;0.825312;0
0.129765;0.30488;0
0.815699;0.881619;0
0.040834;0.602222;0
0.668477;0.973418;0
0.5674;0.930418;0
0.272408;0.885495;0
0.668691;0.811426;0
0.381481;0.784082;0
0.281198;0.919187;0
0.348704;0.905026;0
0.349712;0.623493;0
0.760094;0.923368;0
0.400952;0.504196;0
0.253517;0.679342;0
0.654469;0.908444;0
0.34431;0.933531;0
0.911039;0.931608;0
0.272011;0.99353;0
0.218451;0.335978;0
0.365581;0.745476;0
0.198279;0.330149;0
0.636189;0.659047;0
0.840968;0.882656;0
0.46617;0.877285;0
0.473312;0.794366;0
0.140812;0.358684;0
0.636616;0.815149;0
0.545183;0.714164;0
0.09537;0.897671;0
0.299631;0.387188;0
0.263924;0.735374;0
0.864772;0.902829;0
0.487533;0.794488;0
0.536912;0.837855;0
0.478896;0.946959;0
0.034028;0.8829;0
0.559587;0.629688;0
0.81225;0.837031;0
0.138127;0.274941;0
0.148076;0.325327;0
0.552171;0.709891;0
0.292123;0.990143;0
0.378948;0.498123;0
0.466597;0.844203;0
0.038179;0.60094;0
0.53563;0.847926;0
0.332835;0.595508;0
0.193213;0.981201;0
0.429853;0.562029;0
0.183538;0.188208;0
0.081729;0.416791;0
0.055147;0.431806;0
0.038087;0.494186;0
0.562792;0.641346;0
0.078677;0.527604;0
0.542375;0.830378;0
0.295724;0.54088;0
0.395337;0.642354;0
0.585589;0.658437;0
0.156285;0.490616;0
0.473586;0.507035;0
0.692099;0.725455;0
0.167486;0.436384;0
0.249275;0.261147;0
0.427015;0.861721;0
0.692984;0.774682;0
0.217505;0.756157;0
0.191015;0.830714;0
0.140782;0.627735;0
0.00412;0.433058;0
0.71099;0.838282;0
0.426893;0.684164;0
0.615314;0.71456;0
0.113865;0.261757;0
0.522477;0.555528;0
0.218299;0.548601;0
0.271157;0.331706;0
0.848842;0.874447;0
0.112796;0.138524;0
0.290231;0.493088;0
0.322092;0.581164;0
0.319224;0.532121;0
0.178533;0.887082;0
0.335551;0.640614;0
0.09125;0.895383;0
0.69042;0.849727;0
0.05649;0.153813;0
0.227058;0.260628;0
0.028748;0.379498;0
0.025727;0.924711;0
0.28016;0.338267;0
0.290963;0.725333;0
0.142949;0.702841;0
0.616749;0.876247;0
0.7257;0.969085;0
0.244545;0.84283;0
0.170721;0.616535;0
0.694449;0.866543;0
0.334117;0.960204;0
0.191961;0.253822;0
0.04004;0.708029;0
0.002716;0.72982;0
0.00885;0.493179;0
0.314188;0.527573;0
0.481185;0.959685;0
0.140873;0.674306;0
0.033753;0.349864;0
0.038789;0.725883;0
0.334788;0.377239;0
0.050264;0.818781;0
0.165105;0.947081;0
0.265664;0.997681;0
0.161779;0.925321;0
0.242561;0.682394;0
0.528336;0.598895;0
0.555254;0.812128;0
0.065493;0.713309;0
0.256691;0.335765;0
0.199438;0.95349;0
0.088107;0.561937;0
0.222846;0.350719;0
0.519333;0.563982;0
0.260323;0.964232;0
0.274758;0.650899;0
0.033815;0.676412;0
0.161657;0.567644;0
0.209357;0.541673;0
0.806055;0.855983;0
0.501144;0.887112;0
0.168584;0.827815;0
0.485977;0.859554;0
0.742119;0.815912;0
0.43968;0.664235;0
0.498886;0.637379;0
6.71E-04;0.783502;0
0.343669;0.897458;0
0.106143;0.868282;0
0.396313;0.843562;0
0.018097;0.819086;0
0.355754;0.758965;0
0.500565;0.767602;0
0.106052;0.178869;0
0.530198;0.587115;0
0.512131;0.56328;0
0.247353;0.461074;0
0.907102;0.961028;0
0.166295;0.729087;0
0.267891;0.920072;0
0.105502;0.597064;0
3.05E-04;0.967193;0
0.221809;0.531175;0
0.249702;0.371502;0
0.520219;0.69451;0
0.017365;0.733116;0
0.41551;0.747856;0
0.36961;0.734581;0
0.313913;0.532884;0
0.603168;0.941618;0
0.252083;0.263833;0
0.17597;0.222816;0
0.211188;0.91821;0
0.363811;0.691061;0
0.448408;0.572802;0
0.242714;0.968108;0
0.232978;0.362957;0
0.803034;0.875118;0
0.169744;0.530808;0
0.192785;0.635304;0
0.290811;0.557604;0
0.014832;0.5244;0
0.275369;0.853999;0
0.121464;0.618061;0
0.181707;0.728965;0
0.817743;0.832972;0
0.026826;0.421583;0
0.006409;0.202338;0
0.519364;0.973083;0
0.112949;0.281594;0
0.381664;0.840632;0
0.116703;0.701437;0
0.879208;0.992981;0
0.273537;0.444746;0
0.08182;0.36375;0
0.434431;0.647053;0
0.687185;0.829615;0
0.040101;0.970489;0
0.096103;0.505753;0
0.313456;0.567766;0
0.302774;0.99295;0
0.375652;0.942228;0
0.711234;0.927091;0
0.590686;0.594134;0
0.872127;0.957152;0
0.646138;0.742515;0
0.274758;0.318918;0
0.180883;0.986084;0
0.139988;0.213965;0
0.083224;0.539933;0
0.091037;0.946409;0
0.177526;0.694113;0
0.75927;0.785974;0
0.75457;0.974395;0
0.171697;0.255501;0
0.681082;0.818903;0
0.869716;0.995178;0
0.62212;0.765954;0
0.583331;0.759331;0
0.514237;0.940977;0
0.611835;0.736167;0
0.574816;0.750542;0
0.763176;0.80636;0
0.417127;0.4579;0
0.608692;0.653859;0
0.151982;0.48384;0
0.804285;0.916044;0
0.76278;0.803034;0
0.026612;0.427534;0
0.048158;0.484237;0
0.669515;0.937254;0
0.569628;0.948912;0
0.070589;0.383587;0
0.620441;0.867061;0
0.477828;0.656453;0
0.641255;0.815912;0
0.342936;0.810724;0
0.141728;0.65099;0
0.073153;0.708609;0
0.386456;0.685171;0
0.526933;0.593616;0
0.913358;0.937193;0
0.480178;0.932554;0
0.722831;0.760369;0
0.150884;0.813349;0
0.609088;0.729026;0
0.386914;0.838618;0
0.436384;0.822108;0
0.56737;0.712302;0
0.069338;0.259163;0
0.249123;0.618152;0
0.224586;0.854518;0
0.440657;0.760277;0
0.582904;0.734672;0
0.20127;0.930052;0
0.091311;0.41084;0
0.544328;0.812311;0
0.129124;0.485275;0
0.013306;0.677267;0
0.089877;0.447279;0
0.100345;0.679067;0
0.326975;0.921842;0
0.402234;0.502762;0
0.373699;0.484725;0
0.033296;0.676717;0
0.38731;0.513565;0
0.099429;0.749535;0
0.246193;0.855556;0
0.393536;0.64507;0
0.28077;0.501205;0
0.072481;0.863521;0
0.851619;0.91818;0
0.442488;0.684042;0
0.248177;0.268197;0
0.332804;0.810541;0
0.089724;0.595264;0
0.071596;0.861904;0
0.256081;0.328867;0
0.289315;0.550157;0
0.272774;0.695578;0
0.106052;0.371624;0
0.320292;0.904233;0
0.310556;0.449202;0
0.259407;0.63155;0
0.24192;0.844508;0
0.106296;0.459548;0
0.306925;0.512772;0
0.464705;0.832545;0
0.104862;0.905698;0
0.411023;0.494552;0
0.405927;0.523942;0
0.052187;0.619037;0
0.066561;0.53386;0
0.200049;0.839412;0
0.417096;0.977752;0
0.416456;0.98175;0
0.182897;0.381634;0
0.076266;0.822687;0
0.608539;0.976012;0
0.384686;0.459212;0
0.156468;0.74752;0
0.259529;0.69042;0
0.509873;0.870663;0
0.107486;0.145848;0
0.135197;0.55504;0
0.37788;0.937986;0
0.313852;0.745994;0
0.218238;0.882839;0
0.069277;0.601764;0
0.599689;0.660207;0
0;0.728324;0
0.655629;0.884091;0
0.458296;0.857112;0
0.530931;0.876705;0
0.311106;0.975127;0
0.031251;0.626667;0
0.076479;0.789911;0
0.432752;0.777429;0
0.074038;0.324961;0
0.19718;0.55501;0
0.140202;0.342112;0
0.519669;0.971435;0
0.598437;0.609027;0
0.078585;0.911283;0
0.137394;0.443403;0
0.318461;0.556352;0
0.685904;0.869228;0
0.106632;0.398663;0
0.88641;0.996094;0
0.567461;0.62981;0
0.087405;0.171056;0
0.349254;0.793786;0
0.10419;0.421796;0
0.38081;0.644337;0
0.389233;0.508133;0
0.590808;0.864345;0
0.201422;0.95114;0
0.123142;0.452254;0
0.279122;0.488998;0
0.502213;0.731101;0
0.172857;0.791925;0
0.349956;0.426038;0
0.445204;0.862545;0
0.355907;0.434248;0
0.645131;0.902371;0
0.396069;0.625843;0
0.079745;0.456557;0
0.09537;0.30195;0
0.012146;0.067049;0
0.05002;0.398968;0
0.192053;0.418012;0
0.359142;0.993744;0
0.324107;0.456404;0
0.181402;0.872219;0
0.42082;0.636555;0
0.350505;0.607868;0
0.727287;0.797845;0
0.26252;0.772912;0
0.78283;0.815882;0
0.007477;0.202612;0
0.209235;0.903012;0
0.055452;0.185797;0
0.518357;0.555162;0
0.969604;0.995972;0
0.049715;0.893307;0
0.190588;0.326395;0
0.153447;0.993469;0
0.718162;0.915067;0
0.363933;0.621174;0
0.107059;0.611591;0
0.746269;0.987518;0
0.618885;0.662465;0
0.566149;0.997986;0
0.571306;0.843776;0
0.233802;0.335459;0
0.544145;0.561785;0
0.18601;0.437696;0
0.329417;0.788659;0
0.482589;0.668874;0
0.378704;0.891232;0
0.182562;0.632282;0
0.493637;0.794855;0
0.403729;0.931944;0
0.710898;0.820826;0
0.106601;0.429243;0
0.030274;0.551683;0
0.738182;0.946135;0
0.471847;0.996338;0
0.400037;0.578326;0
0.636006;0.961089;0
0.371715;0.836238;0
0.701865;0.730033;0
0.080752;0.799524;0
0.624012;0.717948;0
0.150853;0.965209;0
0.727165;0.817682;0
0.138371;0.414869;0
0.705069;0.763085;0
0.867946;0.87991;0
0.168004;0.450056;0
0.289743;0.315348;0
0.140446;0.880764;0
0.547899;0.90231;0
0.360027;0.768365;0
0.432417;0.615406;0
0.465438;0.823206;0
0.255409;0.570086;0
0.629017;0.984283;0
0.127293;0.538804;0
0.264351;0.265755;0
0.08771;0.714316;0
0.021607;0.62389;0
0.463424;0.924802;0
0.359752;0.386212;0
0.209937;0.915586;0
0.156407;0.713767;0
0.230934;0.886776;0
0.018494;0.920469;0
0.677206;0.868374;0
0.123569;0.370403;0
0.124607;0.27604;0
0.162999;0.542894;0
0.412275;0.498245;0
0.047548;0.078585;0
0.502884;0.596454;0
0.19715;0.398663;0
0.114994;0.815638;0
0.414441;0.679281;0
0.256417;0.850673;0
0.418836;0.868282;0
0.324076;0.552293;0
0.127018;0.657491;0
0.034852;0.724357;0
0.286721;0.32017;0
0.002808;0.19715;0
0.095706;0.871609;0
0.636677;0.717673;0
0.10358;0.446486;0
0.53975;0.901791;0
0.589496;0.82931;0
0.2725;0.43733;0
0.0553;0.40434;0
0.518632;0.866512;0
0.306162;0.437605;0
0.149785;0.988403;0
0.277017;0.769402;0
0.276315;0.317667;0
0.603412;0.785333;0
0.542741;0.563768;0
0.295694;0.993652;0
0.347636;0.459639;0
0.749901;0.832026;0
0.222297;0.841395;0
0.221564;0.425031;0
0.263344;0.472976;0
0.564653;0.896725;0
0.020997;0.718314;0
0.170049;0.288919;0
0.080752;0.341014;0
0.430342;0.581347;0
0.140782;0.779412;0
0.099979;0.168645;0
0.060274;0.188757;0
0.237587;0.70098;0
0.272347;0.485458;0
0.148137;0.236702;0
0.400739;0.626301;0
0.143406;0.377606;0
0.222938;0.331462;0
0.407636;0.924314;0
0.053865;0.713065;0
0.16953;0.900906;0
0.374584;0.583697;0
0.262276;0.491256;0
0.155187;0.158422;0
0.575304;0.600452;0
0.91406;0.920072;0
0.451674;0.850307;0
0.346171;0.631031;0
0.074129;0.21775;0
0.650777;0.994263;0
0.502182;0.759453;0
0.005158;0.090945;0
0.23307;0.884091;0
0.769372;0.797998;0
0.072787;0.948607;0
0.784021;0.871426;0
0.236854;0.835902;0
0.040162;0.527696;0
0.935972;0.987274;0
0.936491;0.985351;0
0.00647;0.91525;0
0.06943;0.72042;0
0.091464;0.84814;0
0.362926;0.549272;0
0.255623;0.972747;0
0.114963;0.774895;0
0.465255;0.77514;0
0.450148;0.694632;0
0.407392;0.576098;0
0.254982;0.683187;0
0.596057;0.985473;0
0.297647;0.737541;0
0.939055;0.982604;0
0.428175;0.529832;0
0.256844;0.48677;0
0.037385;0.69686;0
0.100131;0.465285;0
0.03589;0.265267;0
0.65981;0.922147;0
0.177374;0.394452;0
0.204016;0.622272;0
0.234352;0.833857;0
0.17011;0.58385;0
0.581957;0.947783;0
0.493149;0.946287;0
0.163488;0.759301;0
0.036439;0.936064;0
0.624714;0.932188;0
0.231056;0.315073;0
0.496353;0.842524;0
0.81225;0.892361;0
0.143773;0.74749;0
0.278939;0.590045;0
0.004089;0.380108;0
0.128544;0.163396;0
0.152776;0.550157;0
0.527024;0.88171;0
0.596515;0.787683;0
0.276589;0.834407;0
0.067293;0.487381;0
0.586901;0.78048;0
0.134159;0.840632;0
0.379192;0.852382;0
0.010315;0.32432;0
0.822413;0.993103;0
0.206732;0.937925;0
0.427656;0.479812;0
0.12009;0.582537;0
0.384136;0.962371;0
0.142796;0.447523;0
0.014374;0.63625;0
0.256661;0.444472;0
0.314127;0.706107;0
0.092654;0.54149;0
0.450728;0.583514;0
0.343883;0.440016;0
0.393017;0.79519;0
0.011994;0.845393;0
0.562395;0.899838;0
0.044923;0.226844;0
0.136509;0.777123;0
0.41554;0.706473;0
0.028443;0.521714;0
0.170415;0.478561;0
0.052736;0.550493;0
0.667562;0.787072;0
0.661672;0.875546;0
0.526841;0.99765;0
0.031983;0.69921;0
0.464187;0.547411;0
0.41728;0.863277;0
0.347453;0.492599;0
0.18717;0.215461;0
0.116764;0.601764;0
0.913724;0.971099;0
0.314859;0.355724;0
0.474837;0.64803;0
0.118198;0.525437;0
0.117191;0.749657;0
0.392773;0.563128;0
0.498367;0.788293;0
0.42436;0.90997;0
0.002533;0.208838;0
0.072146;0.337779;0
0.68038;0.887204;0
0.687674;0.915677;0
0.366039;0.493057;0
0.582263;0.95526;0
0.603504;0.920652;0
0.196905;0.214911;0
0.484542;0.897427;0
0.35548;0.794214;0
0.582842;0.872951;0
0.827052;0.920438;0
0.07358;0.658254;0
0.394757;0.64153;0
0.720328;0.734428;0
0.580279;0.682058;0
0.152654;0.713858;0
0.871822;0.876797;0
0.113834;0.735984;0
0.219367;0.427808;0
0.043123;0.735466;0
0.245613;0.501663;0
0.085879;0.705191;0
0.779565;0.883236;0
0.387555;0.553209;0
0.171972;0.179418;0
0.491287;0.906522;0
0.809076;0.994385;0
0.267403;0.361339;0
0.181555;0.903562;0
0.880459;0.999664;0
0.019501;0.179601;0
0.672903;0.880612;0
0.088839;0.988433;0
0.037233;0.981719;0
0.078249;0.735923;0
0.030854;0.223182;0
0.515549;0.69924;0
0.50145;0.825526;0
0.530717;0.907468;0
0.565325;0.671743;0
0.016785;0.037324;0
0.347728;0.730491;0
0.356273;0.808161;0
0.397259;0.465163;0
0.867763;0.944365;0
0.190558;0.60744;0
0.616962;0.826685;0
0.200323;0.64861;0
0.367107;0.997681;0
0.457198;0.687918;0
0.17774;0.211035;0
0.253517;0.616474;0
0.062105;0.628315;0
0.180364;0.55678;0
0.444868;0.781823;0
0.220069;0.613788;0
0.104312;0.625507;0
0.46675;0.819788;0
0.317179;0.359844;0
0.205725;0.24189;0
0.089511;0.353893;0
0.104099;0.864071;0
0.727226;0.854122;0
0.043672;0.331065;0
0.271432;0.774163;0
0.025727;0.364757;0
0.286355;0.924924;0
0.632557;0.65627;0
0.682333;0.871426;0
0.445936;0.60857;0
0.300485;0.317209;0
0.386517;0.622669;0
0.079562;0.343181;0
0.174596;0.226905;0
0.15656;0.528703;0
0.804529;0.986694;0
0.48265;0.779321;0
0.304697;0.664846;0
0.066134;0.337321;0
0.400769;0.672201;0
0.14835;0.185736;0
0.335459;0.508225;0
0.620472;0.778558;0
0.193762;0.840968;0
0.419843;0.93997;0
0.627155;0.765648;0
0.89227;0.955535;0
0.067843;0.499344;0
0.355846;0.651173;0
0.305216;0.47557;0
0.099765;0.384564;0
0.173254;0.19776;0
0.529649;0.749748;0
0.568957;0.997864;0
0.787225;0.997314;0
0.45909;0.498611;0
0.353252;0.819697;0
0.217597;0.608356;0
0.562212;0.879482;0
0.434492;0.722434;0
0.534471;0.793359;0
0.621418;0.893033;0
0.447584;0.47148;0
0.316965;0.834162;0
0.041292;0.069246;0
0.725883;0.956572;0
0.07593;0.546678;0
0.072817;0.633473;0
0.09888;0.176061;0
0.517899;0.787072;0
0.008057;0.356822;0
0.065859;0.990844;0
0.818812;0.958525;0
0.358379;0.566546;0
0.46852;0.573931;0
0.083895;0.897946;0
0.458937;0.792322;0
0.434706;0.87994;0
0.169805;0.625782;0
0.595538;0.965423;0
0.374554;0.772668;0
0.08243;0.122471;0
0.157353;0.432752;0
0.239998;0.369304;0
0.02121;0.074618;0
0.357036;0.836177;0
0.205329;0.639119;0
0.082125;0.978576;0
0.470809;0.85934;0
0.020875;0.410291;0
0.153325;0.724509;0
0.171422;0.427046;0
0.84521;0.912107;0
0.611164;0.727042;0
0.365795;0.562822;0
0.377697;0.823969;0
0.120579;0.36372;0
0.18363;0.959014;0
0.015015;0.616871;0
0.623798;0.929838;0
0.371105;0.647786;0
0.246315;0.340709;0
0.092074;0.194678;0
0.443007;0.752434;0
0.169836;0.850948;0
0.61388;0.73278;0
0.396771;0.470992;0
0.096347;0.505783;0
0.627705;0.677847;0
0.397412;0.897885;0
0.833491;0.952818;0
0.144902;0.21366;0
0.522324;0.839991;0
0.250618;0.740471;0
0.868801;0.957305;0
0.48323;0.647298;0
0.416486;0.631794;0
0.242012;0.569842;0
0.138218;0.203192;0
0.163396;0.171819;0
0.712821;0.793023;0
0.132847;0.290048;0
0.006928;0.460433;0
0.076266;0.753868;0
0.171728;0.85876;0
0.671255;0.84341;0
0.240791;0.996826;0
0.329051;0.352855;0
0.048006;0.968352;0
0.44612;0.505081;0
0.267678;0.852016;0
0.185522;0.482589;0
0.248787;0.392102;0
0.296396;0.691336;0
0.480361;0.58446;0
0.423597;0.55388;0
0.14948;0.514725;0
0.397504;0.729911;0
0.642811;0.73986;0
0.431227;0.708609;0
0.690298;0.951048;0
0.26133;0.840388;0
0.319163;0.990295;0
0.065401;0.728568;0
0.400922;0.413251;0
0.237861;0.970519;0
0.07535;0.524216;0
0.936613;0.955931;0
0.188177;0.549394;0
0.230323;0.8829;0
0.001984;0.920621;0
0.312998;0.899503;0
0.072512;0.953429;0
0.67629;0.830897;0
0.236763;0.777398;0
0.024323;0.027192;0
0.014527;0.394848;0
0.25721;0.882595;0
0.478591;0.69512;0
0.487808;0.893582;0
0.910672;0.964263;0
0.387219;0.692038;0
0.313547;0.913236;0
0.090793;0.387066;0
0.517502;0.701773;0
0.157964;0.660176;0
0.491195;0.887265;0
0.022126;0.496078;0
0.186285;0.762444;0
0.009125;0.837611;0
0.483261;0.677664;0
0.417402;0.703818;0
0.301004;0.581957;0
0.414136;0.516434;0
0.292703;0.300851;0
0.774255;0.917753;0
0.207709;0.992828;0
0.112522;0.458419;0
0.480209;0.852535;0
0.349223;0.716178;0
0.785791;0.971313;0
0.460097;0.71926;0
0.488662;0.564684;0
0.290963;0.51915;0
0.606555;0.788415;0
0.074526;0.853359;0
0.697501;0.91174;0
0.585009;0.814631;0
0.248177;0.982208;0
0.570727;0.654622;0
0.314737;0.527116;0
0.146092;0.481338;0
0.435835;0.747978;0
0.18775;0.75219;0
0.056795;0.365215;0
0.591479;0.646443;0
0.680563;0.961333;0
0.784509;0.791131;0
0.541032;0.960143;0
0.032563;0.170049;0
0.073611;0.290719;0
0.080844;0.746818;0
0.099551;0.411939;0
0.127842;0.205176;0
0.00177;0.935759;0
0.182562;0.33668;0
0.239113;0.809778;0
0.12833;0.810144;0
0.16776;0.437208;0
0.486892;0.933592;0
0.070376;0.706809;0
0.774407;0.964873;0
0.082522;0.412488;0
0.159795;0.208502;0
0.009766;0.188238;0
0.622669;0.822657;0
0.307382;0.61388;0
0.909879;0.976073;0
0.036775;0.264504;0
0.304544;0.372936;0
0.022279;0.799432;0
0.46672;0.618488;0
0.372967;0.477767;0
0.210517;0.305734;0
0.352794;0.910154;0
0.647053;0.696432;0
0.165227;0.678488;0
0.131443;0.762444;0
0.301126;0.415693;0
0.754723;0.881375;0
0.123814;0.304147;0
0.259713;0.672323;0
0.456496;0.924619;0
0.458296;0.810877;0
0.173803;0.358226;0
0.005127;0.920957;0
0.584063;0.584674;0
0.451979;0.898373;0
0.683035;0.836848;0
0.186224;0.572558;0
0.081332;0.379986;0
0.079623;0.716025;0
0.462081;0.940428;0
0.200751;0.695578;0
0.191626;0.626179;0
0.030213;0.597522;0
0.148717;0.274606;0
0.570544;0.89935;0
0.022736;0.555193;0
0.167791;0.667013;0
0.347423;0.474868;0
0.299692;0.429853;0
0.173376;0.573778;0
0.493728;0.746788;0
0.159703;0.909452;0
0.308145;0.319742;0
0.137333;0.441237;0
0.300424;0.871639;0
0.005707;0.613727;0
0.003052;0.978942;0
0.674459;0.743858;0
0.577563;0.736778;0
0.017182;0.033357;0
0.521592;0.970885;0
0.313089;0.652882;0
0.066988;0.815577;0
0.313547;0.346843;0
0.596393;0.970122;0
0.739036;0.889218;0
0.117832;0.881741;0
0.574175;0.657613;0
0.290323;0.393902;0
0.152532;0.547319;0
0.042848;0.178045;0
0.426771;0.901517;0
0.520188;0.728599;0
0.37492;0.810114;0
0.774407;0.984741;0
0.244514;0.842372;0
0.133457;0.254067;0
0.12711;0.274545;0
0.041383;0.991272;0
0.01117;0.764214;0
0.352489;0.918638;0
0.268014;0.675832;0
0.068117;0.986877;0
0.284371;0.721274;0
0.434217;0.862819;0
0.571795;0.622669;0
0.129612;0.445631;0
0.072939;0.322886;0
0.49205;0.807215;0
0.194586;0.585589;0
0.63628;0.658681;0
0.052461;0.981445;0
0.590075;0.700552;0
0.139927;0.278176;0
0.030885;0.812159;0
0.507157;0.537645;0
0.146702;0.786554;0
0.560228;0.645528;0
0.837184;0.926267;0
0.205145;0.45555;0
0.017518;0.993072;0
0.502121;0.620014;0
0.067141;0.864742;0
0.261788;0.759087;0
0.644429;0.725181;0
0.273202;0.286843;0
0.169897;0.591388;0
0.300394;0.659169;0
0.542009;0.826044;0
0.025422;0.319102;0
0.669546;0.845546;0
0.188177;0.605457;0
0.792627;0.94818;0
0.20835;0.218177;0
0.109592;0.490646;0
0.09653;0.85989;0
0.360668;0.717124;0
0.394086;0.929411;0
0.396344;0.523057;0
0.007874;0.073946;0
0.393689;0.686117;0
0.359233;0.893094;0
0.259438;0.784051;0
0.002075;0.036103;0
0.532975;0.568743;0
0.232917;0.962737;0
0.07831;0.263955;0
0.141026;0.362041;0
0.280801;0.784448;0
0.319559;0.568896;0
0.595721;0.843379;0
0.111423;0.962218;0
0.728111;0.876919;0
0.06415;0.449538;0
0.258492;0.418287;0
0.02707;0.212256;0
0.070284;0.495834;0
0.581622;0.906247;0
0.121799;0.810022;0
0.376507;0.532487;0
0.650227;0.795404;0
0.16831;0.510025;0
0.486557;0.671773;0
0.08179;0.4579;0
0.611744;0.910703;0
0.514023;0.740928;0
0.121891;0.431166;0
0.703085;0.851222;0
0.515946;0.801599;0
0.160741;0.404584;0
0.644642;0.964599;0
0.100101;0.320627;0
0.469314;0.955107;0
0.073672;0.893796;0
0.016511;0.455458;0
0.516404;0.768944;0
0.548784;0.965423;0
0.38255;0.921751;0
0.45558;0.690847;0
0.08066;0.456709;0
0.562731;0.727409;0
0.625568;0.787011;0
0.056063;0.8211;0
0.180242;0.92993;0
0.204047;0.513962;0
0.6592;0.811121;0
0.786889;0.974487;0
0.048494;0.903897;0
0.245125;0.785852;0
0.350749;0.8829;0
0.257241;0.955229;0
0.302042;0.624989;0
0.794794;0.834742;0
0.13361;0.148198;0
0.541856;0.784082;0
0.572497;0.710471;0
0.688803;0.73217;0
0.537797;0.947722;0
0.314096;0.745018;0
0.372387;0.59685;0
0.437727;0.501205;0
0.481216;0.749443;0
0.144047;0.975219;0
0.28309;0.706046;0
0.275216;0.405896;0
0.162877;0.704398;0
0.495834;0.567125;0
0.765252;0.837397;0
0.610675;0.870937;0
0.114628;0.994018;0
0.412091;0.746239;0
0.481552;0.771996;0
0.565172;0.752373;0
0.937162;0.981475;0
0.30427;0.617359;0
0.142705;0.299661;0
0.510025;0.923917;0
0.452376;0.650807;0
0.235511;0.897;0
0.644032;0.662008;0
0.010102;0.872921;0
0.14066;0.227332;0
0.241127;0.87582;0
0.1171;0.521928;0
0.074984;0.877773;0
0.305063;0.610492;0
0.476852;0.817377;0
0.552873;0.972747;0
0.063326;0.431166;0
0.09418;0.878506;0
0.039857;0.611042;0
0.023743;0.048738;0
0.006256;0.513627;0
0.249855;0.703116;0
0.689962;0.878536;0
0.095157;0.306406;0
0.854518;0.876858;0
0.136692;0.371899;0
0.362621;0.478042;0
0.592151;0.724845;0
0.053346;0.720725;0
0.502853;0.834162;0
0.232521;0.320841;0
0.181646;0.534654;0
0.655599;0.983734;0
0.59566;0.743522;0
0.703116;0.816492;0
0.600818;0.988678;0
0.126377;0.941252;0
0.23954;0.247017;0
0.049013;0.5768;0
0.034883;0.981475;0
0.625111;0.967681;0
0.352886;0.673299;0
0.217139;0.392132;0
0.477737;0.557573;0
0.766411;0.900876;0
0.524003;0.53676;0
0.403851;0.597919;0
0.252815;0.805109;0
0.079775;0.271462;0
0.181524;0.647908;0
0.658528;0.700369;0
0.180914;0.288461;0
0.323069;0.357799;0
0.235481;0.28431;0
0.160588;0.168859;0
0.036195;0.80401;0
0.822657;0.946654;0
0.353923;0.829432;0
0.123264;0.479904;0
0.552293;0.696249;0
0.250099;0.735343;0
0.672628;0.746391;0
0.364025;0.395245;0
0.292093;0.583026;0
0.717277;0.876919;0
0.103641;0.487197;0
0.633351;0.991852;0
0.245613;0.888607;0
0.190832;0.417554;0
0.25248;0.544053;0
0.255928;0.836055;0
0.149907;0.374554;0
0.12299;0.820673;0
0.713645;0.738456;0
0.009217;0.631489;0
0.722434;0.974639;0
0.13126;0.804712;0
0.223121;0.899655;0
0.648976;0.711722;0
0.106265;0.773278;0
0.157323;0.863796;0
0.690542;0.854457;0
0.751152;0.821986;0
0.477859;0.845027;0
0.455092;0.822077;0
0.32902;0.499954;0
0.551012;0.776391;0
0.044527;0.966277;0
0.050508;0.243294;0
0.308206;0.565996;0
0.154912;0.806574;0
0.115452;0.208991;0
0.125889;0.88168;0
0.031312;0.093905;0
0.151982;0.676504;0
0.076449;0.414472;0
0.197943;0.253822;0
0.247139;0.566759;0
0.569414;0.634602;0
0.530229;0.760765;0
0.444777;0.583636;0
0.063143;0.704001;0
0.063021;0.576922;0
0.396924;0.847804;0
0.078494;0.694845;0
0.799036;0.907773;0
0.193915;0.472396;0
0.565233;0.938444;0
0.397595;0.617939;0
0.089328;0.603565;0
0.223701;0.721397;0
0.237098;0.558092;0
0.194952;0.508774;0
0.098178;0.125401;0
0.350566;0.475021;0
0.285501;0.368938;0
0.331156;0.682241;0
0.294351;0.584704;0
0.40611;0.522263;0
0.43614;0.733299;0
0.378002;0.386486;0
0.01886;0.739067;0
0.018677;0.143956;0
0.057558;0.337565;0
0.65624;0.952818;0
0.851588;0.868465;0
0.756767;0.975402;0
0.362072;0.842158;0
0.230781;0.426374;0
0.35023;0.975585;0
0.55916;0.97467;0
0.081637;0.521805;0
0.248268;0.938536;0
0.916074;0.955718;0
0.146458;0.677694;0
0.859706;0.996216;0
0.19953;0.599231;0
0.175756;0.376293;0
0.540086;0.565233;0
0.275643;0.904904;0
0.231117;0.506424;0
0.125614;0.353618;0
0.009247;0.83578;0
0.412336;0.531297;0
0.523606;0.943754;0
0.082766;0.9935;0
0.035005;0.828791;0
0.536699;0.987609;0
0.448012;0.458724;0
0.398907;0.668081;0
0.580706;0.829829;0
0.17481;0.686087;0
0.084628;0.31663;0
0.035127;0.477035;0
0.01883;0.518448;0
0.48204;0.847652;0
0.352641;0.959685;0
0.403027;0.708365;0
0.479781;0.481887;0
0.035585;0.05182;0
0.41905;0.948637;0
0.395093;0.700461;0
0.023499;0.792932;0
0.135594;0.542009;0
0.159276;0.490249;0
0.360912;0.857265;0
0.311106;0.789178;0
0.261635;0.640675;0
0.201178;0.254524;0
0.167364;0.206458;0
0.00766;0.014008;0
0.791284;0.809351;0
0.712058;0.783105;0
0.460433;0.780114;0
0.581957;0.839412;0
0.835414;0.955504;0
0.014344;0.645894;0
0.428938;0.435926;0
0.256355;0.632679;0
0.096469;0.657613;0
0.734336;0.996155;0
0.287942;0.73455;0
0.128391;0.907712;0
0.087405;0.921354;0
0.517106;0.67159;0
0.206214;0.514298;0
0.393597;0.714927;0
0.648518;0.945677;0
0.523423;0.569842;0
0.550279;0.636769;0
0.760826;0.9447;0
0.394482;0.587298;0
0.039247;0.596393;0
0.976775;0.999207;0
0.300546;0.576922;0
0.127964;0.131962;0
0.04294;0.439131;0
0.088778;0.750603;0
0.282266;0.607532;0
0.587725;0.90347;0
0.557451;0.928007;0
0.123234;0.793603;0
0.044282;0.197241;0
0.680624;0.871242;0
0.468459;0.468703;0
0.309702;0.564928;0
0.631947;0.92169;0
0.470046;0.699973;0
0.488632;0.674154;0
0.271706;0.277017;0
0.040651;0.965087;0
0.610614;0.758629;0
0.762993;0.794275;0
0.118442;0.127415;0
0.163488;0.247841;0
0.242378;0.63097;0
0.819117;0.910825;0
0.507096;0.937559;0
0.587725;0.738151;0
0.795984;0.806726;0
0.735893;0.757805;0
0.466842;0.641285;0
0.102542;0.766228;0
0.177862;0.42259;0
0.202612;0.320353;0
0.507553;0.683432;0
0.418744;0.434919;0
0.037904;0.076754;0
0.660817;0.703391;0
0.216865;0.874783;0
0.044984;0.565142;0
0.446211;0.89935;0
0.156835;0.952269;0
0.620289;0.93292;0
0.269814;0.314798;0
0.499832;0.817103;0
0.085299;0.95117;0
0.613025;0.89227;0
0.310862;0.394818;0
0.075503;0.344432;0
0.828761;0.871792;0
0.543229;0.650227;0
0.051332;0.844111;0
0.519669;0.748711;0
0.352123;0.421003;0
0.323191;0.703116;0
0.603504;0.718314;0
0.158177;0.389813;0
0.167547;0.940031;0
0.286874;0.89285;0
0.110141;0.587085;0
0.24131;0.289071;0
0.667623;0.696829;0
0.419721;0.639332;0
0.327311;0.483169;0
0.21775;0.540849;0
0.094913;0.156163;0
0.057039;0.217078;0
0.550401;0.878109;0
0.092166;0.295541;0
0.413923;0.468673;0
0.626118;0.754265;0
0.016327;0.075747;0
0.361614;0.590869;0
0.174993;0.878872;0
0.075655;0.140843;0
0.487564;0.789453;0
0.469161;0.572436;0
4.27E-04;0.833125;0
0.838588;0.845241;0
0.074007;0.583514;0
0.479934;0.744163;0
0.487625;0.965575;0
0.351176;0.720908;0
0.121891;0.412793;0
0.479873;0.497574;0
0.623005;0.839381;0
0.372051;0.788415;0
0.157079;0.330424;0
0.075503;0.280709;0
0.387127;0.741264;0
0.151982;0.663991;0
0.419568;0.479232;0
0.043184;0.967681;0
0.291665;0.598071;0
0.621235;0.937193;0
0.647694;0.824976;0
0.208655;0.269234;0
0.011231;0.257454;0
0.306528;0.432051;0
0.724967;0.893857;0
0.123325;0.461592;0
0.917875;0.923948;0
0.168004;0.614063;0
0.383496;0.437757;0
0.595294;0.753258;0
0.486068;0.755272;0
0.15186;0.686728;0
0.226264;0.906461;0
0.545824;0.615558;0
0.054628;0.270241;0
0.419294;0.760338;0
0.592608;0.903256;0
0.629261;0.81756;0
0.109592;0.550371;0
0.42613;0.602161;0
0.373943;0.62096;0
0.162908;0.33314;0
0.14069;0.299722;0
0.826746;0.941221;0
0.404218;0.566668;0
0.040773;0.439283;0
0.287667;0.527787;0
0.693869;0.720328;0
0.334819;0.455367;0
0.031953;0.443251;0
0.58092;0.874355;0
0.165471;0.693686;0
0.244789;0.685476;0
0.020508;0.903012;0
0.311655;0.341227;0
0.438887;0.752495;0
0.660665;0.891232;0
0.161779;0.505875;0
0.234413;0.25959;0
0.331767;0.62862;0
0.067598;0.08948;0
0.181127;0.368938;0
0.237678;0.958647;0
0.252663;0.318216;0
0.415632;0.915159;0
0.024293;0.073611;0
0.22309;0.388104;0
0.140873;0.892636;0
0.352458;0.704642;0
0.697165;0.873562;0
0.369182;0.642476;0
0.307657;0.57448;0
0.081881;0.287332;0
0.64803;0.803735;0
0.449293;0.575304;0
0.036287;0.564135;0
0.59682;0.853999;0
0.031709;0.193243;0
0.299814;0.325297;0
0.401074;0.907559;0
0.031251;0.331065;0
0.707877;0.910215;0
0.309641;0.403943;0
0.123386;0.821223;0
0.1807;0.818171;0
0.070254;0.86401;0
0.424177;0.448225;0
0.242805;0.351054;0
0.411237;0.431867;0
0.042421;0.318522;0
0.010315;0.567431;0
0.630421;0.940672;0
0.543687;0.629872;0
0.294656;0.548967;0
0.138462;0.680013;0
0.063967;0.320231;0
0.707907;0.959075;0
0.279733;0.756218;0
0.047853;0.249397;0
0.098086;0.985839;0
0.669607;0.901944;0
0.032075;0.055757;0
0.340495;0.472671;0
0.066866;0.506607;0
0.188849;0.399609;0
0.254738;0.641591;0
0.385449;0.813318;0
0.007355;0.697012;0
0.7257;0.886776;0
0.153264;0.915128;0
0.19602;0.841243;0
0.70043;0.954955;0
0.67925;0.757683;0
0.245827;0.278207;0
0.214606;0.333903;0
0.623218;0.807672;0
0.389569;0.394147;0
0.093722;0.328471;0
0.1236;0.377544;0
0.39317;0.631581;0
0.334971;0.872616;0
0.488327;0.786218;0
0.611744;0.764214;0
0.587786;0.882565;0
0.775079;0.849178;0
0.110477;0.616504;0
0.491348;0.571215;0
0.26017;0.269723;0
0.438215;0.957671;0
0.096866;0.630482;0
0.031617;0.331248;0
0.17008;0.333201;0
0.092318;0.349498;0
0.275613;0.35844;0
0.651357;0.768792;0
0.191534;0.935057;0
0.273751;0.675924;0
0.963958;0.967925;0
0.291421;0.547716;0
0.818201;0.890316;0
0.060793;0.533525;0
0.728904;0.98294;0
0.028077;0.418744;0
0.026948;0.449538;0
0.63216;0.848903;0
0.307169;0.533158;0
0.132878;0.368938;0
0.061922;0.187536;0
0.601764;0.789178;0
0.06592;0.542802;0
0.095401;0.531449;0
0.523911;0.998596;0
0.046907;0.900723;0
0.296731;0.43376;0
0.372234;0.971129;0
0.07416;0.734825;0
0.147496;0.285165;0
0.160375;0.783746;0
0.647053;0.967589;0
0.580401;0.98938;0
0.327403;0.675832;0
0.310373;0.714713;0
0.310739;0.622394;0
0.148259;0.736229;0
0.168065;0.736961;0
0.093844;0.951262;0
0.240883;0.672903;0
0.166631;0.776299;0
0.043672;0.083682;0
0.102451;0.335429;0
0.78045;0.813746;0
0.52382;0.842921;0
0.0553;0.749992;0
0.173284;0.426008;0
0.113712;0.397595;0
0.493393;0.724357;0
0.637684;0.818812;0
0.157994;0.98059;0
0.043153;0.83874;0
0.047884;0.2378;0
0.332804;0.616504;0
0.276681;0.785852;0
0.448134;0.849055;0
0.875393;0.991943;0
0.433576;0.951567;0
0.82696;0.960967;0
0.072512;0.363506;0
0.817713;0.933561;0
0.361461;0.675832;0
0.008545;0.745933;0
0.158269;0.604114;0
0.875912;0.959716;0
0.243416;0.92169;0
0.264107;0.853969;0
0.048158;0.268441;0
0.268777;0.271859;0
0.317118;0.876858;0
0.44676;0.722465;0
0.370952;0.428266;0
0.150517;0.523484;0
0.067537;0.83697;0
0.024384;0.80517;0
0.202795;0.362957;0
0.410321;0.816065;0
0.059877;0.154607;0
0.514603;0.561846;0
0.616596;0.776543;0
0.646626;0.743645;0
0.514847;0.882839;0
0.684317;0.826228;0
0.258919;0.414014;0
0.050996;0.540513;0
0.277993;0.955382;0
0.155461;0.468337;0
0.641591;0.929991;0
0.060884;0.850063;0
0.399182;0.60509;0
0.531693;0.842494;0
0.377667;0.700186;0
0.543901;0.907987;0
0.36784;0.909848;0
0.553514;0.818903;0
0.097842;0.846614;0
0.759392;0.76986;0
0.067812;0.73574;0
0.037873;0.611255;0
0.06119;0.912839;0
0.231056;0.818049;0
0.165593;0.508072;0
0.13184;0.75692;0
0.352824;0.38258;0
0.140507;0.294382;0
0.064333;0.814966;0
0.196966;0.355113;0
0.44261;0.452651;0
0.431013;0.588122;0
0.121097;0.576403;0
0.367718;0.57973;0
0.125034;0.408704;0
0.644002;0.865871;0
0.805536;0.896786;0
0.071139;0.30491;0
0.29725;0.864071;0
0.607257;0.838649;0
0.471938;0.862636;0
0.342967;0.579516;0
0.061434;0.147221;0
0.073702;0.961821;0
0.620808;0.922727;0
0.753807;0.993347;0
0.512314;0.72927;0
0.287118;0.505264;0
0.135838;0.316416;0
0.422346;0.453139;0
0.0936;0.951811;0
0.127659;0.409589;0
0.420515;0.72985;0
0.143071;0.55269;0
0.015595;0.694082;0
0.325297;0.670522;0
0.75042;0.786309;0
0.670186;0.876492;0
0.345378;0.632099;0
0.609027;0.745018;0
0.621845;0.921445;0
0.022126;0.047304;0
0.499496;0.609363;0
0.133946;0.45967;0
0.048494;0.400678;0
0.294137;0.331523;0
0.013977;0.442366;0
0.107791;0.215522;0
0.039796;0.77926;0
0.650319;0.985351;0
0.69512;0.968078;0
0.271584;0.768273;0
0.378887;0.624378;0
0.392071;0.951109;0
0.390423;0.768212;0
0.732566;0.977447;0
0.07831;0.122562;0
0.284005;0.991913;0
0.068575;0.440748;0
0.353496;0.766564;0
0.039399;0.158788;0
0.104923;0.405683;0
0.144658;0.270699;0
0.248482;0.521683;0
0.151494;0.72045;0
0.52736;0.851039;0
0.146367;0.768548;0
0.51149;0.829768;0
0.90054;0.90112;0
0.507706;0.771569;0
0.285257;0.713248;0
0.327708;0.450789;0
0.15891;0.837397;0
0.842006;0.903928;0
0.094119;0.730552;0
0.354106;0.894894;0
0.244819;0.60567;0
0.13361;0.884579;0
0.378765;0.703207;0
0.194769;0.443495;0
0.209326;0.477889;0
0.378277;0.472274;0
0.588061;0.946165;0
0.252663;0.981628;0
0.274026;0.592334;0
0.295785;0.399731;0
0.742332;0.878048;0
0.104495;0.872738;0
0.31193;0.804437;0
0.888577;0.95175;0
0.608142;0.664113;0
0.14185;0.935362;0
0.192022;0.663106;0
0.616169;0.810541;0
0.273019;0.724906;0
0.475173;0.714377;0
0.301187;0.581072;0
0.242317;0.932096;0
0.673666;0.851802;0
0.778619;0.958403;0
0.818384;0.897732;0
0.303354;0.401715;0
0.036744;0.710196;0
0.070376;0.985229;0
0.767815;0.998199;0
0.185339;0.629048;0
0.391736;0.415204;0
0.26017;0.938322;0
0.208289;0.908933;0
0.081759;0.644276;0
0.248451;0.98056;0
0.588946;0.781243;0
0.073061;0.587542;0
0.814875;0.828425;0
0.160436;0.326121;0
0.06711;0.211768;0
0.359844;0.574755;0
0.074953;0.239357;0
0.330393;0.636311;0
0.386731;0.537339;0
0.715506;0.739402;0
0.71688;0.750267;0
0.332835;0.744896;0
0.487655;0.977538;0
0.162267;0.495651;0
0.137883;0.785119;0
0.042116;0.676046;0
0.122227;0.257179;0
0.372204;0.722129;0
0.210089;0.761315;0
0.121799;0.847346;0
0.497208;0.960448;0
0.00943;0.355907;0
0.057131;0.661672;0
0.467849;0.586413;0
0.74807;0.826136;0
0.057314;0.63036;0
0.273476;0.806299;0
0.354534;0.773919;0
0.814631;0.880673;0
0.169927;0.633778;0
0.423475;0.507523;0
0.08713;0.83813;0
0.229499;0.758568;0
0.715201;0.822993;0
0.009095;0.955382;0
0.148961;0.342265;0
0.104892;0.940733;0
0.09357;0.89404;0
0.098666;0.477523;0
0.645009;0.892941;0
0.576342;0.865352;0
0.005158;0.041017;0
0.351756;0.767235;0
0.332408;0.421949;0
0.044832;0.395428;0
0.029725;0.433271;0
0.872097;0.890866;0
0.383465;0.52617;0
0.314219;0.734764;0
0.311747;0.826655;0
0.594043;0.689932;0
0.515641;0.658101;0
0.137547;0.936613;0
0.258675;0.671926;0
0.221625;0.740593;0
0.147923;0.539659;0
0.507462;0.767693;0
0.034211;0.038545;0
0.145604;0.260048;0
0.193915;0.907163;0
0.316996;0.863826;0
0.552965;0.785424;0
0.170049;0.442457;0
0.870937;0.893796;0
0.512162;0.545915;0
0.479904;0.747703;0
0.206641;0.277322;0
0.669668;0.71456;0
0.265664;0.755028;0
0.461379;0.737571;0
0.223823;0.835017;0
0.46263;0.550371;0
0.674184;0.866054;0
0.408368;0.7163;0
0.720176;0.807611;0
0.35847;0.493789;0
0.205756;0.436262;0
0.722983;0.981201;0
0.158025;0.917081;0
0.710166;0.72985;0
0.623188;0.763634;0
0.267617;0.302896;0
0.041383;0.245155;0
0.053835;0.424207;0
0.493027;0.669637;0
0.414747;0.426771;0
0.254097;0.34135;0
0.152043;0.586962;0
0.53563;0.602985;0
0.314463;0.556322;0
0.277505;0.551347;0
0.355724;0.505417;0
0.313059;0.779717;0
0.093448;0.215308;0
0.432447;0.798822;0
0.287698;0.846004;0
0.884426;0.925413;0
0.539232;0.553301;0
0.279183;0.605762;0
0.404096;0.491531;0
0.058565;0.297464;0
0.092013;0.384045;0
0.508225;0.791314;0
0.521134;0.772759;0
0.234535;0.306894;0
0.261086;0.364177;0
0.183416;0.226356;0
0.470931;0.71276;0
0.19776;0.306742;0
0.351543;0.582293;0
0.358654;0.4026;0
0.204749;0.375591;0
0.353648;0.464187;0
0.547563;0.550707;0
0.670949;0.840968;0
0.57271;0.818079;0
0.302316;0.524644;0
0.063387;0.086764;0
0.468062;0.815027;0
0.750908;0.860591;0
0.44203;0.46498;0
0.047823;0.92056;0
0.557909;0.88464;0
0.135807;0.656545;0
0.361309;0.395032;0
0.313395;0.65511;0
0.1077;0.778069;0
0.004181;0.682943;0
0.301737;0.979003;0
0.102481;0.808832;0
0.596942;0.609333;0
0.222541;0.312021;0
0.174657;0.417371;0
0.571184;0.707968;0
0.581469;0.657002;0
0.025727;0.308908;0
0.440809;0.624348;0
0.127964;0.379742;0
0.010437;0.943937;0
0.458052;0.514603;0
0.069338;0.955229;0
0.28309;0.334269;0
0.098056;0.361858;0
0.312723;0.837519;0
0.092441;0.221717;0
0.65743;0.796167;0
0.510941;0.881191;0
0.487594;0.822047;0
0.059572;0.533769;0
0.168126;0.24781;0
0.237342;0.422468;0
0.187475;0.321451;0
0.024293;0.323191;0
0.092868;0.92819;0
0.543413;0.846828;0
0.324625;0.813746;0
0.290719;0.989441;0
0.184179;0.471145;0
0.06946;0.603565;0
0.501907;0.600116;0
0.057711;0.444594;0
0.418195;0.879238;0
0.603748;0.71688;0
0.38966;0.726981;0
0.775323;0.967895;0
0.097812;0.443403;0
0.478957;0.662862;0
0.38432;0.998169;0
0.816492;0.998199;0
0.482345;0.522294;0
0.707266;0.975616;0
0.019807;0.040529;0
0.471084;0.74984;0
0.398663;0.76101;0
0.544084;0.78573;0
0.80459;0.990967;0
0.583209;0.877956;0
0.315226;0.617115;0
0.618305;0.894498;0
0.411145;0.916318;0
0.142552;0.845729;0
0.008972;0.552904;0
0.267678;0.608844;0
0.422681;0.950194;0
0.210089;0.345805;0
0.168065;0.922697;0
0.085726;0.269875;0
0.040925;0.672353;0
0.355693;0.642476;0
0.623157;0.791314;0
0.029206;0.237831;0
0.27958;0.329478;0
0.184423;0.94351;0
0.667745;0.783074;0
0.207068;0.943449;0
0.319803;0.846614;0
0.06061;0.662679;0
0.196234;0.547899;0
0.536149;0.5374;0
0.023927;0.751518;0
0.568041;0.766991;0
0.331339;0.879086;0
0.150822;0.828394;0
0.487899;0.627461;0
0.276009;0.62331;0
0.085086;0.717795;0
0.232795;0.591266;0
0.234626;0.862178;0
0.698294;0.869381;0
0.002869;0.427686;0
0.845149;0.992523;0
0.352794;0.747246;0
0.635731;0.648579;0
0.518632;0.923246;0
0.179876;0.438978;0
0.028443;0.461989;0
0.292154;0.322001;0
0.050478;0.184637;0
0.228828;0.72161;0
0.053407;0.9288;0
0.078524;0.510025;0
0.614216;0.827021;0
0.182012;0.704855;0
0.716544;0.911618;0
0.037965;0.848689;0
0.284799;0.534104;0
0.775445;0.89874;0
0.219733;0.981109;0
0.12888;0.595569;0
0.411328;0.571795;0
0.588855;0.821314;0
0.497574;0.95352;0
0.358257;0.822047;0
0.037873;0.971526;0
0.159703;0.728721;0
0.300821;0.904965;0
0.225532;0.503616;0
0.500168;0.693564;0
0.067568;0.417768;0
0.429273;0.881375;0
0.307657;0.437147;0
0.453749;0.514817;0
0.395886;0.593066;0
0.124241;0.289132;0
0.027009;0.374828;0
0.082858;0.572008;0
0.688711;0.940275;0
0.627461;0.644063;0
0.030244;0.266366;0
0.770501;0.776238;0
0.834193;0.892392;0
0.145756;0.628315;0
0.184606;0.606494;0
0.067415;0.230049;0
0.306803;0.402234;0
0.522507;0.852931;0
0.445753;0.989257;0
0.366985;0.491897;0
0.408979;0.751946;0
0.926908;0.953856;0
0.229743;0.721335;0
0.366344;0.985931;0
0.007813;0.91876;0
0.865078;0.924223;0
0.424909;0.559893;0
0.577807;0.805231;0
0.051241;0.671499;0
0.283181;0.685995;0
0.412458;0.923307;0
0.170141;0.965606;0
0.051454;0.18131;0
0.329539;0.807764;0
0.693228;0.733695;0
0.175024;0.896786;0
0.106357;0.857356;0
0.051576;0.169469;0
0.590289;0.917661;0
0.0759;0.34431;0
0.359081;0.826075;0
0.011719;0.071322;0
0.320017;0.869747;0
0.341838;0.937803;0
0.128727;0.51149;0
0.316202;0.480026;0
0.05475;0.691031;0
0.628834;0.81991;0
0.64568;0.903256;0
0.887814;0.980071;0
0.482711;0.788781;0
0.643971;0.658528;0
0.846004;0.926084;0
0.58446;0.591845;0
0.53618;0.925901;0
0.353465;0.481674;0
0.083407;0.792047;0
0.471938;0.610645;0
0.759056;0.812922;0
0.132908;0.842647;0
0.031098;0.516556;0
0.288705;0.918821;0
0.109806;0.437696;0
0.738182;0.884732;0
0.068056;0.182745;0
0.219459;0.614063;0
0.296854;0.866298;0
0.54503;0.631336;0
0.061403;0.596484;0
0.663808;0.71218;0
0.83047;0.881252;0
0.735862;0.82934;0
0.557146;0.708609;0
0.104648;0.953764;0
0.121647;0.629841;0
0.341838;0.568377;0
0.400922;0.429273;0
0.818049;0.969481;0
0.0141;0.392102;0
0.063295;0.521165;0
0.253365;0.916257;0
0.41728;0.527512;0
0.081576;0.202673;0
0.684988;0.998108;0
0.233802;0.437941;0
0.307749;0.870266;0
0.921995;0.991394;0
0.732261;0.913053;0
0.146672;0.697653;0
0.023652;0.034181;0
0.147923;0.668844;0
0.501389;0.843074;0
0.385815;0.538041;0
0.028047;0.724631;0
0.241707;0.251747;0
0.369274;0.874111;0
0.367473;0.67336;0
0.43965;0.461043;0
0.387768;0.49675;0
0.335276;0.717734;0
0.151372;0.53621;0
0.327769;0.464858;0
0.343333;0.430189;0
0.302225;0.987671;0
0.192816;0.384686;0
0.864834;0.993713;0
0.08182;0.937559;0
0.229225;0.590777;0
0.552385;0.620991;0
0.231849;0.585742;0
0.252388;0.659749;0
0.131596;0.437635;0
0.282296;0.520615;0
0.439924;0.976348;0
0.324351;0.668874;0
0.298685;0.875851;0
0.192846;0.241798;0
0.081637;0.745109;0
0.065157;0.087497;0
0.538408;0.913358;0
0.429182;0.962279;0
0.760063;0.887204;0
0.12711;0.483108;0
0.021027;0.337199;0
0.196203;0.67275;0
0.075716;0.731437;0
0.358562;0.759697;0
0.018159;0.395917;0
0.365246;0.514054;0
0.711295;0.862758;0
0.545549;0.902371;0
0.045412;0.491165;0
0.095798;0.768883;0
0.0918;0.303323;0
0.194586;0.990448;0
0.204077;0.594378;0
0.269143;0.682119;0
0.472671;0.980255;0
0.577197;0.853359;0
0.090152;0.289529;0
0.626484;0.739494;0
0.183386;0.258156;0
0.085726;0.45027;0
0.54503;0.976379;0
0.607868;0.90463;0
0.250557;0.399762;0
0.4438;0.468947;0
0.611774;0.863674;0
0.300333;0.391491;0
0.509873;0.719993;0
0.037812;0.165471;0
0.697562;0.996246;0
0.030763;0.954344;0
0.207923;0.461257;0
0.035676;0.481613;0
0.478011;0.548021;0
0.338664;0.485672;0
0.083773;0.833491;0
0.980285;0.980346;0
0.070864;0.095676;0
0.130436;0.40907;0
0.26841;0.849391;0
0.157781;0.183081;0
0.621235;0.626789;0
0.091891;0.434889;0
0.78045;0.896634;0
0.038423;0.197851;0
0.118137;0.190344;0
0.284951;0.71688;0
0.77459;0.777581;0
0.145207;0.404492;0
0.181555;0.210608;0
0.503647;0.99472;0
0.691824;0.860591;0
0.19657;0.552049;0
0.193548;0.809137;0
0.140568;0.183447;0
0.390973;0.947478;0
0.555376;0.660726;0
0.154546;0.23954;0
0.361248;0.700583;0
0.162755;0.709189;0
0.121464;0.846156;0
0.282174;0.842311;0
0.238472;0.758507;0
0.375652;0.824183;0
0.040498;0.111148;0
0.314585;0.678915;0
0.097568;0.820582;0
0.412427;0.424665;0
0.324778;0.435621;0
0.580462;0.787744;0
0.631581;0.982116;0
0.795068;0.932127;0
0.3296;0.604175;0
0.242592;0.426649;0
0.748833;0.802454;0
0.255165;0.484481;0
0.13773;0.844478;0
0.666311;0.934324;0
0.098056;0.923734;0
0.269936;0.340922;0
0.131504;0.452986;0
0.299631;0.910123;0
0.677999;0.718039;0
0.012116;0.818018;0
0.266457;0.576464;0
0.755913;0.84875;0
0.63567;0.83282;0
0.386914;0.853847;0
0.179907;0.950316;0
0.21485;0.627705;0
0.333537;0.508652;0
0.375195;0.722922;0
0.059969;0.206702;0
0.17066;0.664632;0
0.331462;0.561113;0
0.300943;0.727042;0
0.239174;0.440107;0
0.152867;0.169622;0
0.068422;0.255806;0
0.492569;0.714866;0
0.487289;0.518357;0
0.070742;0.906888;0
0.056124;0.56447;0
0.225806;0.338267;0
0.049135;0.800104;0
0.481887;0.594317;0
0.962157;0.977447;0
0.689962;0.847041;0
0.100894;0.770745;0
0.456923;0.59624;0
0.033509;0.951353;0
0.228553;0.958373;0
0.585864;0.676565;0
0.221778;0.717154;0
0.709159;0.797205;0
0.255135;0.314829;0
0.289315;0.717795;0
0.682546;0.909268;0
0.272164;0.387738;0
0.221686;0.609394;0
0.850002;0.870632;0
0.538987;0.786218;0
0.271889;0.67861;0
0.191839;0.601062;0
0.061617;0.23365;0
0.172979;0.51265;0
0.480636;0.8081;0
0.816889;0.993255;0
0.245827;0.944212;0
0.038118;0.267769;0
0.715506;0.71746;0
0.487289;0.703238;0
0.085696;0.511856;0
0.005005;0.95291;0
0.485244;0.488907;0
0.042604;0.047884;0
0.373363;0.922117;0
0.235389;0.394879;0
0.47029;0.658864;0
0.772149;0.882687;0
0.42082;0.442946;0
0.382214;0.728721;0
0.03589;0.191168;0
0.150304;0.989929;0
0.060091;0.773736;0
0.272195;0.567919;0
0.439589;0.941282;0
0.689627;0.941374;0
0.43495;0.516434;0
0.689199;0.767693;0
0.280923;0.879452;0
3.10E-05;0.988952;0
0.110294;0.123417;0
0.710135;0.752342;0
0.416456;0.774529;0
0.181555;0.365734;0
0.707816;0.858882;0
0.267647;0.550859;0
0.8829;0.966765;0
0.22483;0.45616;0
0.151097;0.805231;0
0.847652;0.86108;0
0.537492;0.993255;0
0.439039;0.911679;0
0.882839;0.996063;0
0.409925;0.770775;0
0.477889;0.487808;0
0.183172;0.539476;0
0.223914;0.562426;0
0.232917;0.332896;0
0.081637;0.913572;0
0.09299;0.820032;0
0.133335;0.977477;0
0.447249;0.566485;0
0.470138;0.926511;0
0.511917;0.863765;0
0.410901;0.471664;0
0.023927;0.514512;0
0.498337;0.643147;0
0.271645;0.401379;0
0.485153;0.605731;0
0.435133;0.442183;0
0.52089;0.655385;0
0.137883;0.712363;0
0.00412;0.595508;0
0.067965;0.338267;0
0.05179;0.664876;0
0.390179;0.807886;0
0.307291;0.662038;0
0.51735;0.811274;0
0.528428;0.614765;0
0.171087;0.715201;0
0.475173;0.711692;0
0.293252;0.42201;0
0.132359;0.541124;0
0.124271;0.819269;0
0.348399;0.41258;0
0.326548;0.96057;0
0.42262;0.66628;0
0.74514;0.910794;0
0.285501;0.369427;0
0.540269;0.544939;0
0.206732;0.455947;0
0.311441;0.502762;0
0.456862;0.80221;0
0.053774;0.96054;0
0.275765;0.917905;0
0.156316;0.173315;0
0.407727;0.73159;0
0.037721;0.643452;0
0.475173;0.832881;0
0.10065;0.237983;0
0.298471;0.336924;0
0.0618;0.911435;0
0.389355;0.629353;0
0.426435;0.801965;0
0.036317;0.284402;0
0.656453;0.924589;0
0.211371;0.805933;0
0.681814;0.895688;0
0.301828;0.411817;0
0.292917;0.306009;0
0.537889;0.956877;0
0.375164;0.532334;0
0.816675;0.864528;0
0.055208;0.985015;0
0.303354;0.949187;0
0.482498;0.637684;0
0.25486;0.889401;0
0.18775;0.52028;0
0.137211;0.365703;0
0.177313;0.885617;0
0.107913;0.626087;0
0.433912;0.445875;0
0.058046;0.53264;0
0.02884;0.583575;0
0.191626;0.439985;0
0.366649;0.675405;0
0.062746;0.134434;0
0.659444;0.882321;0
0.589343;0.650777;0
0.137059;0.473342;0
0.01413;0.081881;0
0.200568;0.454665;0
0.164617;0.77224;0
0.094913;0.622852;0
0.185553;0.807886;0
0.866604;0.941649;0
0.122013;0.853694;0
0.364208;0.443831;0
0.534593;0.634297;0
0.015015;0.961821;0
0.601123;0.612476;0
0.187078;0.286782;0
0.063662;0.467055;0
0.095157;0.395947;0
0.383953;0.804682;0
0.406507;0.854244;0
0.07535;0.620472;0
0.045412;0.547197;0
0.695212;0.947172;0
0.5421;0.720725;0
0.174749;0.554888;0
0.208411;0.835017;0
0.0712;0.900906;0
0.655446;0.706015;0
0.556169;0.802911;0
0.09592;0.848231;0
0.107639;0.720847;0
0.384533;0.84521;0
0.152165;0.847591;0
0.274239;0.914029;0
0.033357;0.51915;0
0.834376;0.99826;0
0.454512;0.510636;0
0.304239;0.971007;0
0.469741;0.811396;0
0.848811;0.854671;0
0.193976;0.685659;0
0.92819;0.99292;0
0.049776;0.355907;0
0.28193;0.523606;0
0.724265;0.887967;0
0.593951;0.994751;0
0.161779;0.56682;0
0.292459;0.320017;0
0.232368;0.345195;0
0.052126;0.100894;0
0.069216;0.476302;0
0.355876;0.392285;0
0.263466;0.61449;0
0.093112;0.622242;0
0.089511;0.904538;0
0.371685;0.922361;0
0.489914;0.807245;0
0.436048;0.678182;0
0.04593;0.405744;0
0.678671;0.783624;0
0.454604;0.949339;0
0.220191;0.789422;0
0.34196;0.381329;0
0.917539;0.370861;0
0.030793;0.0065;0
0.767022;0.529893;0
0.984313;0.344096;0
0.916196;0.30961;0
0.615528;0.432112;0
0.352245;0.286233;0
0.549303;4.58E-04;0
0.360881;0.244911;0
0.537187;0.455672;0
0.748772;0.634907;0
0.15186;0.141697;0
0.758782;0.353404;0
0.409101;0.224891;0
0.980682;0.505387;0
0.192999;0.139164;0
0.815455;0.392285;0
0.574419;0.37257;0
0.949492;0.115635;0
0.959075;0.873257;0
0.262917;0.186987;0
0.574999;0.415632;0
0.608814;0.380444;0
0.36079;0.248756;0
0.637745;0.280923;0
0.466201;0.28489;0
0.363292;0.074465;0
0.263009;0.068697;0
0.672109;0.508042;0
0.886135;0.77102;0
0.771264;0.614185;0
0.98999;0.074618;0
0.439833;0.021455;0
0.899167;0.593219;0
0.588458;0.545427;0
0.478195;0.067476;0
0.691641;0.683615;0
0.261818;0.218787;0
0.079653;0.021241;0
0.776147;0.146489;0
0.883908;0.71102;0
0.880001;0.191351;0
0.70217;0.310068;0
0.62569;0.547288;0
0.479354;0.265847;0
0.499985;0.415601;0
0.521409;0.245766;0
0.347453;0.221473;0
0.409162;0.403851;0
0.9794;0.80633;0
0.925504;0.655232;0
0.273324;0.256844;0
0.929014;0.461348;0
0.794336;0.195807;0
0.839259;0.196142;0
0.787744;0.436934;0
0.823878;0.520219;0
0.682485;0.00235;0
0.8417;0.3408;0
0.843104;0.615589;0
0.801721;0.764092;0
0.3726;0.268899;0
0.881466;0.818354;0
0.301523;0.200262;0
0.237434;0.036103;0
0.660604;0.615223;0
0.803583;0.334941;0
0.797143;0.242561;0
0.377728;0.158544;0
0.804102;0.522324;0
0.58861;0.04001;0
0.816218;0.737968;0
0.284585;0.167852;0
0.832057;0.214942;0
0.946654;0.482864;0
0.481246;0.242836;0
0.100223;0.013276;0
0.255776;0.178777;0
0.736106;0.184362;0
0.937986;0.080172;0
0.501602;0.49736;0
0.241096;0.108005;0
0.177923;0.119175;0
0.588794;0.50676;0
0.38258;0.117191;0
0.996796;0.215796;0
0.555315;0.360424;0
0.882076;0.160558;0
0.915403;0.017945;0
0.756645;0.180303;0
0.920408;0.549516;0
0.821162;0.504501;0
0.44966;0.266091;0
0.878933;0.753441;0
0.768059;0.366649;0
0.496841;0.42909;0
0.814081;0.497024;0
0.926695;0.348491;0
0.40904;0.180914;0
0.955504;0.208869;0
0.806635;0.656056;0
0.786035;0.413373;0
0.214026;0.04236;0
0.492569;0.00119;0
0.89114;0.554033;0
0.84518;0.729026;0
0.875454;0.604755;0
0.331126;0.328715;0
0.554308;0.519456;0
0.52736;0.247108;0
0.375988;0.364422;0
0.885037;0.505783;0
0.623524;0.595202;0
0.466323;0.057558;0
0.458785;0.320688;0
0.36259;0.187414;0
0.985046;0.352824;0
0.413526;0.348399;0
0.776147;0.1583;0
0.778832;0.191198;0
0.855464;0.740837;0
0.763085;0.6021;0
0.866726;0.339061;0
0.293466;0.131932;0
0.466536;0.108524;0
0.120731;0.10535;0
0.030641;0.010376;0
0.935392;0.324381;0
0.378368;0.050752;0
0.904996;0.457289;0
0.425153;0.156224;0
0.984375;0.743126;0
0.166753;0.041383;0
0.930845;0.578722;0
0.954436;0.316965;0
0.528092;0.004975;0
0.953337;0.604511;0
0.761711;0.092105;0
0.630696;0.530503;0
0.439192;0.342021;0
0.705252;0.673238;0
0.700064;0.16654;0
0.721732;0.687094;0
0.741081;0.714255;0
0.838252;0.566057;0
0.809565;0.493789;0
0.957793;0.209632;0
0.452834;0.231239;0
0.46144;0.019776;0
0.64507;0.544816;0
0.969207;0.223029;0
0.553209;0.476302;0
0.564867;0.062624;0
0.698782;0.652669;0
0.882839;0.357982;0
0.839106;0.755455;0
0.664052;0.632008;0
0.771538;0.21012;0
0.904263;0.286355;0
0.665639;0.172918;0
0.877407;0.762566;0
0.946348;0.040345;0
0.916105;0.22251;0
0.148228;0.140568;0
0.308115;0.240974;0
0.411939;0.191259;0
0.73159;0.172155;0
0.546007;0.206;0
0.08417;0.07062;0
0.906674;0.753075;0
0.832423;0.070803;0
0.405805;0.362255;0
0.982788;0.250038;0
0.875179;0.236213;0
0.788903;0.662496;0
0.245338;0.144993;0
0.362224;0.302683;0
0.582965;0.333232;0
0.852657;0.692557;0
0.628559;0.368999;0
0.574572;0.271645;0
0.991791;0.813105;0
0.47441;0.435255;0
0.981994;0.780816;0
0.922117;0.21427;0
0.547929;0.110843;0
0.339671;0.114292;0
0.669515;0.075991;0
0.596912;0.520951;0
0.902707;0.081027;0
0.957762;0.129429;0
0.992431;0.768731;0
0.690207;0.036592;0
0.749504;0.41496;0
0.883816;0.532426;0
0.582263;0.188604;0
0.795221;0.793085;0
0.78988;0.58623;0
0.550829;0.027131;0
0.571184;0.403485;0
0.623554;0.170507;0
0.754387;0.079592;0
0.938505;0.633045;0
0.452284;0.111454;0
0.859981;0.59032;0
0.875362;0.201453;0
0.58974;0.218116;0
0.824549;0.764763;0
0.907682;0.244728;0
0.88403;0.476028;0
0.443617;0.171148;0
0.574175;0.282723;0
0.806879;0.700583;0
0.388562;0.133976;0
0.59154;0.211035;0
0.042299;0.017426;0
0.77279;0.346568;0
0.950743;0.938108;0
0.731468;0.655446;0
0.776482;0.670278;0
0.428388;0.349254;0
0.943297;0.015076;0
0.795068;0.443495;0
0.647633;0.563524;0
0.831874;0.312876;0
0.839717;0.230811;0
0.998901;0.551775;0
0.408612;0.143529;0
0.956664;0.838893;0
0.586657;0.407849;0
0.597247;0.569109;0
0.901059;0.654012;0
0.653584;0.634999;0
0.237129;0.199286;0
0.852443;0.479659;0
0.626606;0.267769;0
0.627308;0.414563;0
0.374554;0.164678;0
0.991729;0.150914;0
0.726707;0.689016;0
0.146825;0.141057;0
0.937529;0.760186;0
0.46617;0.394391;0
0.249702;0.035829;0
0.65508;0.087252;0
0.38197;0.333476;0
0.951811;0.438154;0
0.700644;0.632221;0
0.602313;0.262947;0
0.642384;0.506302;0
0.752831;0.045534;0
0.499557;0.448897;0
0.610248;0.515305;0
0.714377;0.555712;0
0.631153;0.551469;0
0.74752;0.209082;0
0.079958;0.007538;0
0.634297;0.593005;0
0.621204;0.161168;0
0.905789;0.151524;0
0.875484;0.642933;0
0.579485;0.547899;0
0.801508;0.56737;0
0.54207;0.157598;0
0.52028;0.193182;0
0.220466;0.017457;0
0.930692;0.895199;0
0.784936;0.78164;0
0.424451;0.184942;0
0.940947;0.514451;0
0.771203;0.71984;0
0.603259;0.457472;0
0.976531;0.746269;0
0.658071;0.444655;0
0.416395;0.395947;0
0.773949;0.387066;0
0.98706;0.901425;0
0.973693;0.332896;0
0.366039;0.308176;0
0.680715;0.475906;0
0.823115;0.44377;0
0.139561;0.099277;0
0.55092;0.491806;0
0.347209;0.223548;0
0.881954;0.190344;0
0.510483;0.48262;0
0.541948;0.503342;0
0.921506;0.279611;0
0.782922;0.330882;0
0.957518;0.595233;0
0.677023;0.178076;0
0.234138;0.224738;0
0.562304;0.177252;0
0.787927;0.584765;0
0.768181;0.278603;0
0.502213;0.204749;0
0.91702;0.2154;0
0.669729;0.20191;0
0.942167;0.245643;0
0.089816;0.02234;0
0.172948;0.103702;0
0.834559;0.226203;0
0.055696;0.039216;0
0.414808;0.236793;0
0.378796;0.263039;0
0.586566;0.251503;0
0.564714;0.505295;0
0.403577;0.141331;0
0.98001;0.928404;0
0.093417;0.0618;0
0.751823;0.277871;0
0.872097;0.013703;0
0.415754;0.297403;0
0.394116;0.02295;0
0.747917;0.39024;0
0.758477;0.54445;0
0.935423;0.247169;0
0.150853;0.094852;0
0.857967;0.151616;0
0.895932;0.786554;0
0.923276;0.490219;0
0.865383;0.248573;0
0.995605;0.977111;0
0.198523;0.072207;0
0.974395;0.510178;0
0.500046;0.389599;0
0.529557;0.257729;0
0.826411;0.378399;0
0.990814;0.212317;0
0.735557;0.270791;0
0.440626;0.241218;0
0.929502;0.481368;0
0.796228;0.668081;0
0.553209;0.538133;0
0.09476;0.008301;0
0.922208;0.571856;0
0.404736;0.129643;0
0.805353;0.103061;0
0.749107;0.360118;0
0.993377;0.609149;0
0.750206;0.577898;0
0.380078;0.148198;0
0.884945;0.068056;0
0.873898;0.873745;0
0.459944;0.190497;0
0.469741;0.30491;0
0.593738;0.323588;0
0.786889;0.681021;0
0.869839;0.198645;0
0.734855;0.200201;0
0.727378;0.556871;0
0.5262;0.27955;0
0.660909;0.34962;0
0.692129;0.25895;0
0.780969;0.745567;0
0.771172;0.618671;0
0.818964;0.467757;0
0.398297;0.396588;0
0.876339;0.431776;0
0.518906;0.191809;0
0.875515;0.69628;0
0.457564;0.306497;0
0.508347;0.22779;0
0.9335;0.142186;0
0.912778;0.555162;0
0.144658;0.064272;0
0.769127;0.302499;0
0.961608;0.58034;0
0.709647;0.385907;0
0.798303;0.480483;0
0.386029;0.044862;0
0.819269;0.694449;0
0.897488;0.185217;0
0.896115;0.306223;0
0.633992;0.289315;0
0.930479;0.414167;0
0.507096;0.366741;0
0.136753;0.052034;0
0.958953;0.08179;0
0.491348;0.411298;0
0.730735;0.247139;0
0.437452;0.137761;0
0.257393;0.084262;0
0.527604;0.172369;0
0.986419;0.768395;0
0.701132;0.471267;0
0.773217;0.023774;0
0.900357;0.185492;0
0.554186;0.03882;0
0.93762;0.556688;0
0.553484;0.200446;0
0.453108;0.440168;0
0.975158;0.417249;0
0.734001;0.158818;0
0.702139;0.354717;0
0.157292;0.079928;0
0.74105;0.002045;0
0.576525;0.113437;0
0.86053;0.649648;0
0.783441;0.107242;0
0.46028;0.095767;0
0.543138;0.125797;0
0.323832;0.279336;0
0.284158;0.272927;0
0.826716;0.15363;0
0.357219;0.338603;0
0.883602;0.069979;0
0.536576;0.320688;0
0.970611;0.221809;0
0.742058;0.233619;0
0.136631;0.078921;0
0.848628;0.151036;0
0.448897;0.273751;0
0.257454;0.071963;0
0.519608;0.032624;0
0.606372;0.526658;0
0.931394;0.006256;0
0.774865;0.555193;0
0.799463;0.748955;0
0.993225;0.682241;0
0.620045;0.551744;0
0.825648;0.1742;0
0.666005;0.248604;0
0.640858;0.509445;0
0.607013;0.139042;0
0.956328;0.856899;0
0.176092;0.041414;0
0.282144;0.113193;0
0.431867;0.258797;0
0.912076;0.538102;0
0.950163;0.885189;0
0.76281;0.676595;0
0.96585;0.24897;0
0.596423;0.00296;0
0.442732;0.369457;0
0.875515;0.507218;0
0.246315;0.046754;0
0.30491;0.18836;0
0.247658;0.247414;0
0.712699;0.688192;0
0.651784;0.356792;0
0.930631;0.146336;0
0.196966;0.082492;0
0.878079;0.842128;0
0.421644;0.205939;0
0.964873;0.712882;0
0.503067;0.30839;0
0.744407;0.139561;0
0.302988;0.047395;0
0.44731;0.164739;0
0.39668;0.229652;0
0.805322;0.546556;0
0.546831;0.027436;0
0.939329;0.872524;0
0.742363;0.700125;0
0.545701;0.36137;0
0.661946;0.214118;0
0.732658;0.635701;0
0.735618;0.192938;0
0.66863;0.032991;0
0.955382;0.241646;0
0.802362;0.622089;0
0.884243;0.466018;0
0.701743;0.29368;0
0.743187;0.152715;0
0.959471;0.464949;0
0.934568;0.406201;0
0.913297;0.751732;0
0.944029;0.200049;0
0.567492;0.222053;0
0.907773;0.350414;0
0.933744;0.798883;0
0.959624;0.423322;0
0.689291;0.089511;0
0.930509;0.069735;0
0.16654;0.050325;0
0.475234;0.330363;0
0.957274;0.151646;0
0.758324;0.520707;0
0.454543;0.173406;0
0.82049;0.313303;0
0.70455;0.206641;0
0.283547;0.225806;0
0.485733;0.237312;0
0.719474;0.046876;0
0.974487;0.091372;0
0.831263;0.122593;0
0.464766;0.264718;0
0.326456;0.112491;0
0.36079;0.352153;0
0.745842;0.465285;0
0.562548;0.203436;0
0.722343;0.093722;0
0.289407;0.181127;0
0.477065;0.208625;0
0.922117;9.77E-04;0
0.541704;0.161992;0
0.460921;0.288675;0
0.958312;0.558061;0
0.575121;0.244057;0
0.917142;0.337687;0
0.399548;0.131352;0
0.891202;0.18836;0
0.94406;0.494491;0
0.996277;0.41847;0
0.251778;0.201575;0
0.993164;0.222877;0
0.830073;0.471389;0
0.884548;0.260994;0
0.766778;0.162053;0
0.832698;0.694632;0
0.956023;0.788873;0
0.598193;0.406446;0
0.807794;0.470382;0
0.991516;0.884152;0
0.841639;0.15598;0
0.417096;0.251045;0
0.526231;0.474685;0
0.846736;0.649342;0
0.576952;0.154271;0
0.321207;0.159093;0
0.873989;0.641957;0
0.465102;0.420484;0
0.649983;0.116428;0
0.762841;0.249519;0
0.588061;0.233619;0
0.248756;0.076205;0
0.70748;0.699087;0
0.719474;0.464675;0
0.662191;0.351146;0
0.886776;0.288858;0
0.515549;0.102451;0
0.975555;0.321055;0
0.918729;0.310862;0
0.618366;0.453322;0
0.810327;0.755669;0
0.32841;0.106052;0
0.954619;0.313486;0
0.75396;0.729667;0
0.535447;0.358837;0
0.770867;0.085513;0
0.608356;0.563219;0
0.963256;0.430555;0
0.529984;0.070009;0
0.835688;0.403577;0
0.633229;0.601489;0
0.554735;0.083224;0
0.989654;0.129765;0
0.734428;0.313028;0
0.122013;0.040101;0
0.545427;0.411969;0
0.638295;0.583178;0
0.896298;0.584185;0
0.960936;0.026063;0
0.668447;0.135746;0
0.948241;0.658223;0
0.926328;0.708396;0
0.772118;0.542009;0
0.974151;0.50029;0
0.622547;0.082369;0
0.790338;0.010193;0
0.904843;0.286905;0
0.518479;0.497818;0
0.678152;0.407758;0
0.613025;0.268044;0
0.902127;0.635487;0
0.690085;0.460585;0
0.268532;0.237098;0
0.9447;0.627613;0
0.948668;0.840266;0
0.971679;0.385937;0
0.784356;0.555284;0
0.816004;0.209387;0
0.836756;0.727287;0
0.823969;0.498917;0
0.932402;0.896725;0
0.158513;0.138188;0
0.310801;0.086795;0
0.749931;0.532792;0
0.989044;0.456099;0
0.448225;0.396161;0
0.229987;0.025452;0
0.898679;0.3661;0
0.551042;0.443251;0
0.88641;0.260781;0
0.419691;0.39082;0
0.445235;0.227607;0
0.593707;0.205145;0
0.831263;0.263924;0
0.555223;0.057924;0
0.214393;0.128025;0
0.838435;0.005676;0
0.581988;0.260567;0
0.922178;0.218635;0
0.932737;0.209754;0
0.799097;0.337779;0
0.611805;0.009308;0
0.84109;0.172918;0
0.86697;0.524064;0
0.634785;0.179052;0
0.071535;0.007843;0
0.930082;0.558336;0
0.622791;0.316874;0
0.747246;0.37788;0
0.614673;0.503739;0
0.938566;0.145299;0
0.598926;0.019868;0
0.828852;0.204108;0
0.775597;0.704459;0
0.955748;0.94995;0
0.760033;0.341746;0
0.64153;0.509384;0
0.37843;0.371288;0
0.625263;0.505234;0
0.673147;0.110843;0
0.375134;0.259346;0
0.528214;0.520615;0
0.986358;0.496109;0
0.583361;0.04355;0
0.653859;0.295969;0
0.265481;0.183386;0
0.450606;0.346629;0
0.988708;0.637165;0
0.563982;0.207221;0
0.829096;0.541917;0
0.567522;0.517533;0
0.891751;0.501907;0
0.354198;0.089145;0
0.893155;0.614124;0
0.35667;0.222877;0
0.466536;0.04706;0
0.838191;0.497177;0
0.794946;0.192145;0
0.402448;0.077303;0
0.168371;0.139225;0
0.897916;0.348247;0
0.282083;0.268685;0
0.504624;0.032136;0
0.623005;0.298379;0
0.682211;0.628712;0
0.64565;0.374035;0
0.548021;0.530351;0
0.638997;0.206854;0
0.896481;0.301401;0
0.914335;0.083102;0
0.619037;0.538652;0
0.542161;0.353771;0
0.618824;0.087374;0
0.897336;0.396802;0
0.949614;0.774987;0
0.310801;0.220405;0
0.77575;0.456954;0
0.21897;0.127781;0
0.665517;0.221168;0
0.790857;0.323557;0
0.999634;0.624805;0
0.421491;0.197913;0
0.475387;0.318339;0
0.409223;0.283486;0
0.36256;0.254555;0
0.899319;0.289926;0
0.20011;0.019013;0
0.695853;0.308786;0
0.652028;0.438734;0
0.288766;0.229499;0
0.836665;0.24308;0
0.82757;0.132664;0
0.991943;0.812525;0
0.580828;0.069552;0
0.87051;0.018494;0
0.726432;0.080813;0
0.792718;0.751061;0
0.87051;0.255959;0
0.29664;0.081484;0
0.114536;0.090548;0
0.940031;0.928129;0
0.393628;0.084597;0
0.562731;0.089663;0
0.866756;0.3979;0
0.883267;0.120518;0
0.489975;0.444502;0
0.954039;0.729179;0
0.860225;0.439039;0
0.667196;0.226081;0
0.243965;0.18482;0
0.790368;0.169622;0
0.604724;0.395917;0
0.836756;0.209876;0
0.238166;0.189947;0
0.757347;0.388043;0
0.87054;0.867336;0
0.877194;0.594134;0
0.803186;0.162267;0
0.773125;0.630909;0
0.750633;0.312754;0
0.299997;0.230171;0
0.960204;0.430433;0
0.687277;0.024873;0
0.156407;0.103763;0
0.841334;0.037721;0
0.49443;0.494095;0
0.716941;0.360149;0
0.888791;0.833003;0
0.471908;0.33961;0
0.866176;0.863857;0
0.623341;0.304697;0
0.83813;0.32429;0
0.8446;0.28254;0
0.167302;0.133366;0
0.486709;0.152287;0
0.993957;0.886563;0
0.465346;0.292734;0
0.415265;0.170629;0
0.215003;0.132847;0
0.432997;0.269448;0
0.606311;0.13358;0
0.698782;0.323771;0
0.718772;0.258156;0
0.782342;0.159551;0
0.411634;0.03647;0
0.855861;0.612842;0
0.887326;0.24659;0
0.984161;0.12946;0
0.742912;0.138432;0
0.261757;0.015107;0
0.632435;0.179754;0
0.676351;0.071932;0
0.620075;0.330912;0
0.700308;0.645466;0
0.699911;0.270943;0
0.85464;0.549181;0
0.838221;0.172521;0
0.323893;0.012818;0
0.697958;0.61214;0
0.988281;0.559648;0
0.696799;0.593799;0
0.473373;0.357555;0
0.881375;0.791894;0
0.303781;0.124943;0
0.624042;0.355235;0
0.921445;0.461104;0
0.866634;0.412854;0
0.529344;0.005799;0
0.753166;0.548387;0
0.729637;0.158238;0
0.764916;0.663808;0
0.89523;0.061495;0
0.853694;0.230079;0
0.348704;0.135655;0
0.994995;0.228187;0
0.612354;0.481735;0
0.43788;0.22013;0
0.913388;0.758446;0
0.646168;0.402783;0
0.598437;0.183294;0
0.840815;0.417096;0
0.8193;0.673879;0
0.922971;0.117161;0
0.989013;0.857387;0
0.470504;0.253273;0
0.527512;0.088992;0
0.740837;0.572649;0
0.812738;0.189489;0
0.966704;0.637806;0
0.736808;0.281014;0
0.904416;0.844966;0
0.695944;0.312632;0
0.584857;0.510269;0
0.969268;0.23542;0
0.760155;0.068117;0
0.31492;0.301065;0
0.841517;0.757195;0
0.354869;0.204443;0
0.57503;0.367504;0
0.520463;0.100162;0
0.972045;0.084078;0
0.882015;0.84106;0
0.823389;0.271187;0
0.993957;0.473403;0
0.6386;0.489151;0
0.97235;0.954375;0
0.135411;0.100589;0
0.834315;0.609424;0
0.352886;0.06122;0
0.450972;0.143925;0
0.634144;0.628712;0
0.914151;0.508499;0
0.039338;0.018586;0
0.35258;0.312387;0
0.867244;0.125889;0
0.537706;0.295053;0
0.79339;0.133549;0
0.821894;0.783227;0
0.852779;0.373882;0
0.839381;0.836604;0
0.107089;0.006134;0
0.691183;0.468886;0
0.924009;0.283822;0
0.792047;0.093753;0
0.289224;0.210822;0
0.320353;0.030976;0
0.955718;0.87344;0
0.668996;0.624866;0
0.616321;0.185705;0
0.546251;0.252571;0
0.646931;0.174718;0
0.600177;0.218879;0
0.468001;0.223823;0
0.222602;0.039186;0
0.918699;0.855617;0
0.52266;0.446821;0
0.877682;0.566424;0
0.900967;0.166997;0
0.339274;0.182836;0
0.570635;0.031526;0
0.228431;0.220923;0
0.516648;0.187902;0
0.435469;0.312662;0
0.856258;0.220344;0
0.991882;0.170171;0
0.995117;0.753197;0
0.645528;0.339335;0
0.697378;0.456374;0
0.716636;0.119175;0
0.631489;0.580767;0
0.6545;0.037141;0
0.859004;0.850063;0
0.976257;0.161473;0
0.637898;0.338115;0
0.506058;0.094699;0
0.407575;0.320231;0
0.589068;0.496567;0
0.832728;0.815546;0
0.577837;0.310678;0
0.897031;0.206275;0
0.365703;0.11652;0
0.663411;0.332591;0
0.847682;0.752586;0
0.598346;0.59563;0
0.394787;0.082339;0
0.269448;0.199591;0
0.494156;0.419752;0
0.334147;0.274483;0
0.916684;0.514328;0
0.971679;0.677816;0
0.752922;0.168462;0
0.29133;0.222724;0
0.737419;0.723899;0
0.962676;0.61269;0
0.805322;0.121464;0
0.298502;0.248421;0
0.710166;0.340403;0
0.752037;0.417158;0
0.66979;0.149266;0
0.421247;0.343913;0
0.764122;0.153111;0
0.845302;0.720267;0
0.453383;0.138157;0
0.681082;0.021424;0
0.820765;0.488388;0
0.710837;0.045625;0
0.610401;0.013916;0
0.974456;0.462325;0
0.790704;0.322916;0
0.195929;0.132237;0
0.291696;0.204779;0
0.39201;0.292062;0
0.743797;0.384716;0
0.393597;0.133091;0
0.347911;0.008545;0
0.86343;0.787011;0
0.559709;0.3914;0
0.651967;0.520157;0
0.611621;0.348094;0
0.331309;0.018586;0
0.786096;0.336131;0
0.960265;0.340129;0
0.863216;0.126102;0
0.758171;0.667623;0
0.216041;0.198859;0
0.680471;0.436476;0
0.922849;0.468703;0
0.343883;0.268197;0
0.731803;0.006623;0
0.722373;0.47441;0
0.888485;0.15244;0
0.319132;0.308573;0
0.567888;0.429762;0
0.326334;0.084964;0
0.642964;0.563616;0
0.683493;0.203558;0
0.8193;0.052553;0
0.917844;0.151585;0
0.594562;0.475387;0
0.68392;0.015992;0
0.894742;0.554491;0
0.471297;0.035829;0
0.702872;0.615192;0
0.866329;0.60857;0
0.617817;0.20658;0
0.876339;0.402661;0
0.411603;0.107303;0
0.571947;0.412214;0
0.598804;0.252022;0
0.843928;0.736045;0
0.821406;0.214484;0
0.734825;0.710532;0
0.775536;0.021973;0
0.913968;0.13654;0
0.619129;0.193396;0
0.152043;0.01587;0
0.99939;0.219703;0
0.829798;0.353954;0
0.584582;0.210913;0
0.804254;0.231361;0
0.967284;0.907407;0
0.396344;0.332835;0
0.868374;0.781274;0
0.29429;0.102115;0
0.869747;0.669149;0
0.733421;0.259285;0
0.246132;0.214606;0
0.791894;0.721854;0
0.287942;0.247291;0
0.471419;0.130772;0
0.566271;0.285531;0
0.710105;0.267739;0
0.198309;0.102145;0
0.88702;0.794977;0
0.815729;0.203619;0
0.877743;0.446516;0
0.951384;0.046907;0
0.810297;0.10416;0
0.86874;0.509293;0
0.976897;0.89346;0
0.827265;0.158483;0
0.638905;0.431501;0
0.05829;0.037111;0
0.958892;0.438826;0
0.056948;0.020173;0
0.850307;0.104038;0
0.717978;0.366741;0
0.329356;0.088351;0
0.658071;0.238166;0
0.57915;0.240822;0
0.092929;0.049532;0
0.76928;0.535936;0
0.914579;0.099033;0
0.176702;0.104099;0
0.895688;0.157903;0
0.563128;0.021424;0
0.531022;0.217505;0
0.785821;0.370403;0
0.875454;0.077639;0
0.262825;0.009125;0
0.92291;0.757134;0
0.926817;0.838679;0
0.938017;0.399792;0
0.944792;0.92407;0
0.808771;0.779138;0
0.490219;0.037263;0
0.776208;0.360698;0
0.255257;0.113376;0
0.998138;0.179662;0
0.235237;0.103183;0
0.670888;0.277749;0
0.832148;0.384869;0
0.294595;0.224311;0
0.704367;0.513077;0
0.862636;0.005799;0
0.647206;0.194128;0
0.769219;0.389355;0
0.937101;0.785424;0
0.741111;0.484115;0
0.35786;0.295724;0
0.461379;0.071108;0
0.586413;0.527543;0
0.516678;0.168798;0
0.556261;0.449538;0
0.388287;0.272622;0
0.827876;0.003082;0
0.685507;0.197668;0
0.775262;0.734794;0
0.713126;0.06592;0
0.588336;0.219672;0
0.539293;0.230537;0
0.561296;0.447981;0
0.92114;0.442305;0
0.95645;0.95349;0
0.676473;0.573107;0
0.462355;0.225867;0
0.82635;0.181188;0
0.603504;0.532853;0
0.831568;0.180853;0
0.982177;0.819147;0
0.336192;0.115482;0
0.086581;0.073763;0
0.55916;0.136448;0
0.540666;0.373699;0
0.564653;0.270455;0
0.582659;0.26017;0
0.692343;0.559374;0
0.187201;0.009552;0
0.826563;0.010681;0
0.770653;0.004181;0
0.191961;0.142918;0
0.543626;0.046266;0
0.509323;0.467025;0
0.720908;0.34669;0
0.91287;0.8081;0
0.893246;0.672567;0
0.921171;0.137669;0
0.854671;0.362835;0
0.655843;0.168065;0
0.843745;0.52092;0
0.284738;0.055452;0
0.993774;0.137791;0
0.429914;0.379467;0
0.734764;0.268654;0
0.960997;0.032105;0
0.972961;0.129887;0
0.662099;0.517899;0
0.980773;0.061312;0
0.934355;0.731803;0
0.611164;0.357707;0
0.063784;0.04358;0
0.875362;0.190558;0
0.887722;0.006653;0
0.615375;0.012085;0
0.653462;0.087008;0
0.836055;0.079134;0
0.83755;0.484573;0
0.899564;0.888516;0
0.756798;0.063082;0
0.382122;0.115146;0
0.900357;0.770318;0
0.893704;0.085055;0
0.598804;0.555712;0
0.929197;0.118137;0
0.761925;0.564714;0
0.950438;0.230232;0
0.489303;0.270547;0
0.366558;0.090609;0
0.232124;0.151646;0
0.996063;0.598743;0
0.826899;0.157689;0
0.303873;0.144353;0
0.495621;0.149571;0
0.848445;0.041047;0
0.922849;0.711356;0
0.821833;0.781274;0
0.676717;0.307169;0
0.366955;0.229194;0
0.852962;0.24958;0
0.933958;0.635456;0
0.78695;0.296701;0
0.637654;0.471267;0
0.716971;0.379498;0
0.646809;0.592761;0
0.911191;0.047578;0
0.293649;0.041597;0
0.650044;0.10477;0
0.999695;0.445112;0
0.679861;0.055605;0
0.287637;0.010743;0
0.858425;0.760125;0
0.234077;0.166417;0
0.830012;0.146458;0
0.887265;0.128971;0
0.396649;0.313913;0
0.947783;0.786645;0
0.70043;0.23014;0
0.657918;0.53679;0
0.861995;0.669057;0
0.287149;0.052187;0
0.639821;0.092624;0
0.518082;0.078585;0
0.153783;0.126164;0
0.861446;0.120396;0
0.982971;0.440291;0
0.799158;0.164312;0
0.562304;0.50969;0
0.899838;0.415143;0
0.783868;0.282327;0
0.448622;0.389508;0
0.301004;0.212806;0
0.525864;0.172582;0
0.964171;0.080813;0
0.959807;0.130894;0
0.963103;0.178594;0
0.86465;0.707724;0
0.723807;0.422285;0
0.519791;0.308481;0
0.908811;0.437422;0
0.976318;0.493484;0
0.965209;0.66982;0
0.629994;0.28312;0
0.636616;0.278359;0
0.180395;0.059633;0
0.914487;0.14539;0
0.455702;0.393323;0
0.361614;0.075594;0
0.977691;0.484024;0
0.79049;0.247169;0
0.642293;0.143406;0
0.835627;0.289407;0
0.72219;0.444136;0
0.47734;0.202521;0
0.71981;0.013581;0
0.890469;0.10242;0
0.743248;0.337626;0
0.682852;0.599597;0
0.772027;0.18656;0
0.887143;0.312052;0
0.512864;0.129093;0
0.163182;0.034333;0
0.339427;0.208594;0
0.808496;0.536576;0
0.675588;0.067049;0
0.421613;0.398877;0
0.924284;0.116703;0
0.981201;0.013794;0
0.814264;0.488998;0
0.857051;0.505844;0
0.263436;0.005646;0
0.179907;0.076479;0
0.958525;0.15714;0
0.228797;0.12363;0
0.539506;0.242622;0
0.796686;0.024262;0
0.711417;0.403607;0
0.669362;0.408765;0
0.880184;0.757164;0
0.273415;0.194098;0
0.993103;0.623035;0
0.198706;0.050874;0
0.758415;0.110508;0
0.823511;0.375164;0
0.764977;0.165105;0
0.503983;0.468245;0
0.450331;0.165746;0
0.390515;0.049532;0
0.740471;0.212714;0
0.848933;0.537126;0
0.956236;0.863155;0
0.958342;0.379864;0
0.167119;0.120243;0
0.452193;0.16541;0
0.782617;0.219794;0
0.844356;0.712577;0
0.797021;0.512558;0
0.743126;0.35371;0
0.868587;0.586718;0
0.240455;0.143956;0
0.560472;0.291086;0
0.379864;0.017762;0
0.473098;0.325327;0
0.969085;0.582385;0
0.285134;0.237678;0
0.496841;0.364544;0
0.328013;0.20661;0
0.446974;0.410108;0
0.561296;0.248604;0
0.705161;0.628193;0
0.769616;0.279489;0
0.973876;0.21482;0
0.821039;0.334849;0
0.492965;0.38023;0
0.415693;0.073641;0
0.334696;0.135655;0
0.759362;9.77E-04;0
0.72631;0.513138;0
0.612079;0.066469;0
0.597125;0.022309;0
0.74218;0.550554;0
0.439283;0.267006;0
0.849666;0.268624;0
0.855159;0.047975;0
0.72869;0.456435;0
0.314371;0.172613;0
0.745506;0.211188;0
0.876888;0.766808;0
0.524583;0.202857;0
0.312662;0.145665;0
0.8081;0.46379;0
0.744194;0.707114;0
0.289407;0.151158;0
0.728263;0.662282;0
0.562822;0.255074;0
0.683859;0.27076;0
0.874844;0.305734;0
0.650472;0.615467;0
0.974151;0.945524;0
0.453658;0.308817;0
0.746849;0.275216;0
0.750298;0.203467;0
0.76513;0.506882;0
0.760765;0.284371;0
0.861538;0.403974;0
0.962981;0.116367;0
0.860256;0.457228;0
0.762597;0.472121;0
0.939421;0.874111;0
0.672781;0.511368;0
0.558641;0.147679;0
0.893735;0.444227;0
0.659322;0.125156;0
0.949217;0.726402;0
0.917631;0.498886;0
0.630024;0.353069;0
0.799341;0.359081;0
0.720115;0.536729;0
0.898312;0.632496;0
0.882717;0.253182;0
0.798364;0.353618;0
0.455153;0.215033;0
0.20603;0.073763;0
0.965117;0.752403;0
0.855464;0.287576;0
0.487533;0.449995;0
0.673086;0.6545;0
0.736229;0.100345;0
0.971435;0.272042;0
0.694601;0.505173;0
0.675253;0.190619;0
0.527512;0.237403;0
0.881527;0.794397;0
0.691031;0.115329;0
0.765038;0.387585;0
0.373119;0.368603;0
0.280465;0.047487;0
0.423872;0.195685;0
0.406507;0.085696;0
0.775079;0.060335;0
0.962279;0.279733;0
0.401074;0.231452;0
0.68572;0.080782;0
0.870602;0.760826;0
0.837703;0.213996;0
0.91998;0.80398;0
0.95114;0.787255;0
0.780053;0.446516;0
0.67513;0.084414;0
0.656728;0.042634;0
0.788446;0.520707;0
0.749626;0.166967;0
0.59386;0.145024;0
0.390881;0.08356;0
0.856258;0.708365;0
0.717277;0.130345;0
0.271157;0.023621;0
0.967498;0.338481;0
0.62862;0.195593;0
0.383251;0.11478;0
0.673849;0.620838;0
0.625874;0.359874;0
0.345103;0.258858;0
0.34846;0.167638;0
0.697501;0.202979;0
0.758293;0.123936;0
0.512528;0.16718;0
0.808191;0.211066;0
0.453658;0.058016;0
0.293985;0.045228;0
0.940184;0.020905;0
0.767571;0.410871;0
0.946074;0.053255;0
0.434156;0.111484;0
0.931608;0.115848;0
0.593707;0.31135;0
0.268532;0.236854;0
0.845271;0.326823;0
0.94821;0.658071;0
0.174444;0.029695;0
0.385754;0.232765;0
0.907407;0.19367;0
0.840602;0.564592;0
0.731895;0.485122;0
0.569475;0.468612;0
0.696799;0.638264;0
0.605274;0.547655;0
0.812586;0.235755;0
0.837703;0.560503;0
0.699087;0.308359;0
0.943327;0.115055;0
0.635762;0.575213;0
0.694662;0.423627;0
0.180517;0.10184;0
0.9953;0.54033;0
0.346965;0.293161;0
0.382458;0.020661;0
0.885067;0.071871;0
0.567034;0.260231;0
0.756218;0.088443;0
0.887448;0.53502;0
0.315165;0.306223;0
0.999603;0.583666;0
0.653432;0.542833;0
0.802515;0.304025;0
0.852992;0.360851;0
0.414808;0.375195;0
0.852168;0.673482;0
0.451735;0.185736;0
0.363231;0.268197;0
0.245766;0.078768;0
0.811762;0.151555;0
0.795434;0.394848;0
0.678518;0.14539;0
0.350688;0.24366;0
0.324259;0.041902;0
0.71746;0.102206;0
0.830134;0.567705;0
0.925962;0.0524;0
0.971953;0.395276;0
0.338572;0.224219;0
0.778771;0.375164;0
0.555651;0.477828;0
0.367595;0.181341;0
0.782342;0.432844;0
0.595843;0.264229;0
0.535752;0.341044;0
0.897671;0.779473;0
0.362102;0.024659;0
0.920927;0.764336;0
0.961394;0.195929;0
0.677541;0.561419;0
0.89172;0.2219;0
0.582598;0.493423;0
0.632374;0.005402;0
0.932554;0.312021;0
0.978332;0.19187;0
0.984344;0.841731;0
0.81225;0.506272;0
0.885952;0.79223;0
0.291269;0.284066;0
0.860836;0.436171;0
0.802423;0.127812;0
0.54915;0.486068;0
0.928739;0.251717;0
0.879421;0.830592;0
0.444838;0.353496;0
0.933866;0.4344;0
0.675192;0.453017;0
0.856838;0.574023;0
0.63213;0.590625;0
0.276315;0.205908;0
0.584674;0.196356;0
0.9588;0.627949;0
0.495743;0.428999;0
0.836024;0.438398;0
0.538926;0.103183;0
0.735649;0.166051;0
0.837397;0.811274;0
0.256996;0.135899;0
0.216529;0.074252;0
0.787011;0.593646;0
0.956206;0.273476;0
0.931303;0.491714;0
0.674337;0.628071;0
0.513077;0.175909;0
0.905606;0.671316;0
0.414258;0.377331;0
0.59624;0.336894;0
0.827479;0.56502;0
0.981903;0.547319;0
0.569628;0.279122;0
0.517319;0.108371;0
0.231422;0.01062;0
0.203131;0.172369;0
0.997101;0.506088;0
0.603626;0.389843;0
0.896542;0.787835;0
0.723838;0.514817;0
0.994263;0.612903;0
0.4944;0.13599;0
0.305918;0.073;0
0.615284;0.279305;0
0.331767;0.022462;0
0.60741;0.229713;0
0.890744;0.0759;0
0.714652;0.107852;0
0.40611;0.151372;0
0.745811;0.383618;0
0.095004;0.063692;0
0.66335;0.222755;0
0.416791;0.179754;0
0.747032;0.00351;0
0.673055;0.274087;0
0.724265;0.607898;0
0.891598;0.300027;0
0.743492;0.535813;0
0.879208;0.530931;0
0.619037;0.270882;0
0.328623;0.243904;0
0.888363;0.115299;0
0.471908;0.164739;0
0.748192;0.432875;0
0.255623;0.156713;0
0.892727;0.138493;0
0.441939;0.044221;0
0.692282;0.461653;0
0.624775;0.593707;0
0.954436;0.719687;0
0.989807;0.013245;0
0.652455;0.620838;0
0.525956;0.13358;0
0.506973;0.138676;0
0.506973;0.318003;0
0.966948;0.888791;0
0.181616;0.14771;0
0.202948;0.003143;0
0.571703;0.154515;0
0.489059;0.16419;0
0.89938;0.327403;0
0.98941;0.820917;0
0.956755;0.284402;0
0.939817;0.741874;0
0.752159;0.066347;0
0.481735;0.295602;0
0.389294;0.210669;0
0.390912;0.038148;0
0.475539;0.345653;0
0.784265;0.722221;0
0.143315;0.098117;0
0.98703;0.417127;0
0.842494;0.305673;0
0.724418;0.243263;0
0.679983;0.212622;0
0.976165;0.837458;0
0.424085;0.230598;0
0.4438;0.197089;0
0.699026;0.165502;0
0.666219;0.249092;0
0.841334;0.271828;0
0.980926;0.517472;0
0.634724;0.363598;0
0.65981;0.422559;0
0.721427;0.329722;0
0.773858;0.117191;0
0.806635;0.127384;0
0.881954;0.744499;0
0.791009;0.121738;0
0.730705;0.401196;0
0.128636;0.058077;0
0.952452;0.23426;0
0.951598;0.73339;0
0.683279;0.316843;0
0.934812;0.480819;0
0.565111;0.338816;0
0.900662;0.354015;0
0.559587;0.434523;0
0.815638;0.392224;0
0.679189;0.156621;0
0.881283;0.601367;0
0.550096;0.478317;0
0.892972;0.361522;0
0.957457;0.78753;0
0.908017;0.014039;0
0.959807;0.229621;0
0.647572;0.395642;0
0.802759;0.16303;0
0.811182;0.185583;0
0.532914;0.497238;0
0.940519;0.448378;0
0.759117;0.107059;0
0.756493;0.146336;0
0.460982;0.255501;0
0.614765;0.455458;0
0.247047;0.134861;0
0.245949;0.196326;0
0.374096;0.225715;0
0.955107;0.774957;0
0.303781;0.212104;0
0.097018;0.064211;0
0.422926;0.400586;0
0.614338;0.185186;0
0.939756;0.879116;0
0.709647;0.622333;0
0.933042;0.596271;0
0.769433;0.315989;0
0.437422;0.416608;0
0.684317;0.647053;0
0.635212;0.632313;0
0.206458;0.088015;0
0.213355;0.028291;0
0.953856;0.926695;0
0.488113;0.355907;0
0.669912;0.202368;0
0.691305;0.422346;0
0.814539;0.246803;0
0.907468;0.525681;0
0.947172;0.148839;0
0.919523;0.881497;0
0.927793;0.855312;0
0.300302;0.143193;0
0.523301;0.144108;0
0.429456;0.068545;0
0.49266;0.409803;0
0.854671;0.569658;0
0.293832;0.263131;0
0.361064;0.357158;0
0.301859;0.131199;0
0.975738;0.078036;0
0.407025;0.090762;0
0.760308;0.408063;0
0.898495;0.164892;0
0.930174;0.236885;0
0.959807;0.094821;0
0.984375;0.777398;0
0.669912;0.246773;0
0.744865;0.334849;0
0.760979;0.696646;0
0.289926;0.169225;0
0.857967;0.612568;0
0.47734;0.373241;0
0.590228;0.062746;0
0.744591;0.067476;0
0.927152;0.055513;0
0.946623;0.1901;0
0.315073;0.068972;0
0.777917;0.489792;0
0.811487;0.181463;0
0.534013;0.339244;0
0.706473;0.348643;0
0.824;0.679464;0
0.461989;0.434462;0
0.740471;0.630573;0
0.70159;0.432142;0
0.432905;0.365398;0
0.737663;0.448958;0
0.993347;0.239143;0
0.933927;0.061708;0
0.813196;0.507187;0
0.80636;0.096774;0
0.672018;0.608753;0
0.975738;0.464675;0
0.527055;0.217689;0
0.745994;0.671651;0
0.33845;0.030793;0
0.326609;0.18305;0
0.722373;0.055177;0
0.481307;0.175848;0
0.936796;0.759239;0
0.663594;0.08121;0
0.682699;0.359935;0
0.70922;0.012513;0
0.869137;0.157598;0
0.654714;0.59978;0
0.681875;0.681417;0
0.682516;0.235969;0
0.662648;0.556688;0
0.597064;0.524766;0
0.780541;0.559282;0
0.67098;0.059267;0
0.364147;0.124821;0
0.915738;0.228645;0
0.541337;0.129246;0
0.766381;0.13358;0
0.9841;0.679312;0
0.306436;0.055177;0
0.989166;0.68038;0
0.457656;0.427808;0
0.706534;0.420087;0
0.478866;0.058962;0
0.973998;0.097537;0
0.702628;0.585925;0
0.737358;0.331309;0
0.864589;0.600482;0
0.815668;0.477615;0
0.291391;0.059755;0
0.088748;0.034944;0
0.721763;0.50325;0
0.514969;0.051729;0
0.626118;0.100284;0
0.78103;0.239875;0
0.853298;0.740989;0
0.637288;0.284188;0
0.966613;0.525285;0
0.471786;0.308786;0
0.423292;0.196905;0
0.238594;0.129673;0
0.795251;0.381512;0
0.761254;0.744194;0
0.844569;0.218574;0
0.785638;0.45439;0
0.522996;0.135319;0
0.473434;0.136113;0
0.514176;0.417402;0
0.27723;0.097171;0
0.369518;0.181616;0
0.282388;0.24311;0
0.910154;0.466567;0
0.912534;0.504013;0
0.970061;0.42024;0
0.976959;0.658223;0
0.596545;0.542955;0
0.763909;0.247719;0
0.689108;0.280435;0
0.996735;0.255806;0
0.969512;0.181372;0
0.891385;0.386425;0
0.446364;0.069124;0
0.768731;0.419996;0
0.833979;0.77691;0
0.516923;0.356029;0
0.650197;0.513199;0
0.95349;0.091433;0
0.621967;0.457808;0
0.728507;0.576861;0
0.968474;0.683309;0
0.870022;0.443434;0
0.508713;0.479629;0
0.923795;0.357768;0
0.705863;0.095187;0
0.28254;0.095309;0
0.651326;0.447249;0
0.595721;0.403943;0
0.744682;0.719596;0
0.750237;0.134159;0
0.457198;0.013459;0
0.632954;0.188208;0
0.846553;0.020692;0
0.353191;0.189795;0
0.18302;0.150578;0
0.348125;0.28666;0
0.600024;0.358501;0
0.521531;0.197851;0
0.428083;0.133091;0
0.98938;0.5786;0
0.874935;0.456801;0
0.968444;0.930692;0
0.165136;0.007202;0
0.537004;0.270669;0
0.734733;0.475692;0
0.866726;0.555864;0
0.688314;0.161473;0
0.816584;0.403546;0
0.782067;0.09006;0
0.526444;0.392865;0
0.857448;0.704398;0
0.865078;0.182196;0
0.687216;0.424604;0
0.628681;0.58208;0
0.894833;0.551836;0
0.616688;0.483139;0
0.404492;0.155095;0
0.803552;0.099002;0
0.411176;0.027924;0
0.863155;0.306162;0
0.834834;0.231971;0
0.466659;0.35435;0
0.306223;0.124882;0
0.864895;0.520463;0
0.492416;0.211097;0
0.737693;0.619984;0
0.638173;0.54854;0
0.430982;0.184545;0
0.769707;0.053865;0
0.748772;0.263039;0
0.920469;0.275796;0
0.926786;0.693258;0
0.571947;0.567431;0
0.876858;0.774468;0
0.927824;0.466048;0
0.506821;0.426191;0
0.781457;0.378246;0
0.506088;0.489547;0
0.713034;0.037172;0
0.997925;0.522172;0
0.547624;0.431227;0
0.943968;0.387188;0
0.856899;0.491897;0
0.918638;0.455306;0
0.686483;0.075625;0
0.643727;0.357982;0
0.269631;0.064974;0
0.706961;0.063723;0
0.814997;0.254402;0
0.181921;0.029572;0
0.86523;0.352702;0
0.785363;0.700888;0
0.575213;0.454817;0
0.674276;0.62685;0
0.33018;0.044588;0
0.381054;0.073916;0
0.899289;0.056154;0
0.723136;0.092807;0
0.587542;0.157903;0
0.845637;0.060854;0
0.567034;0.558855;0
0.845058;0.106204;0
0.484146;0.013459;0
0.645222;0.149632;0
0.963713;0.209235;0
0.575732;0.563433;0
0.781457;0.202063;0
0.893979;0.388562;0
0.869472;0.486373;0
0.871853;0.4897;0
0.546037;0.45262;0
0.91934;0.337474;0
0.489395;0.473678;0
0.829859;0.556169;0
0.82873;0.292581;0
0.692862;0.421766;0
0.627674;0.062777;0
0.592364;0.540544;0
0.967223;0.159764;0
0.666524;0.376568;0
0.893918;0.213874;0
0.348033;0.060884;0
0.817591;0.218604;0
0.04181;0.039491;0
0.958007;0.408094;0
0.663961;0.261177;0
0.922727;0.153691;0
0.245766;0.23191;0
0.957549;9.20E-05;0
0.199774;0.010865;0
0.328013;0.3043;0
0.518479;0.038667;0
0.978027;0.114933;0
0.930815;0.728141;0
0.865535;0.142949;0
0.976745;0.073916;0
0.755486;0.283425;0
0.279794;0.109226;0
0.331492;0.29902;0
0.81579;0.481185;0
0.569079;0.041169;0
0.810694;0.564776;0
0.820765;0.0112;0
0.852565;0.03827;0
0.452132;0.236335;0
0.717856;0.281961;0
0.967742;0.793664;0
0.999512;0.178167;0
0.625324;0.490463;0
0.616779;0.209662;0
0.683432;0.077273;0
0.593951;0.149449;0
0.751488;0.549852;0
0.737724;0.335856;0
0.697287;0.595233;0
0.480392;0.165136;0
0.72103;0.0965;0
0.060762;0.029206;0
0.507523;0.445235;0
0.491043;0.482559;0
0.978088;0.22364;0
0.742637;0.142399;0
0.919767;0.505203;0
0.364452;0.247291;0
0.777154;0.722037;0
0.628101;0.085665;0
0.567736;0.545946;0
0.901914;0.344218;0
0.74279;0.066042;0
0.909696;0.816584;0
0.839869;0.504471;0
0.653279;0.626606;0
0.841456;0.484268;0
0.376782;0.335917;0
0.955962;0.065249;0
0.985443;0.852779;0
0.762535;0.738701;0
0.42616;0.266366;0
0.094882;0.047884;0
0.341655;0.01413;0
0.548997;0.162511;0
0.667562;0.228614;0
0.404614;0.043764;0
0.970977;0.472549;0
0.717551;0.693167;0
0.812311;0.452467;0
0.997864;0.421216;0
0.611682;0.532701;0
0.880367;0.758995;0
0.667776;0.651418;0
0.615253;0.593616;0
0.484756;0.017304;0
0.763817;0.455458;0
0.594012;0.143101;0
0.829554;0.719016;0
0.785546;0.128269;0
0.627552;0.597644;0
0.50325;0.480941;0
0.828394;0.318064;0
0.477798;0.016572;0
0.787805;0.767144;0
0.603534;0.042482;0
0.49968;0.197577;0
0.654775;0.108402;0
0.872585;0.121372;0
0.780602;0.086154;0
0.27131;0.22132;0
0.900754;0.196905;0
0.882595;0.501022;0
0.306864;0.021424;0
0.619343;0.144841;0
0.820154;0.722007;0
0.914182;0.426435;0
0.747673;0.609607;0
0.401257;0.145421;0
0.895688;0.717032;0
0.842982;0.806024;0
0.889523;0.255196;0
0.778863;0.776574;0
0.531083;0.48796;0
0.349132;0.250496;0
0.745445;0.313822;0
0.240364;0.177313;0
0.967803;0.691122;0
0.817408;0.771477;0
0.715171;0.246315;0
0.95764;0.287454;0
0.769036;0.740654;0
0.64803;0.242561;0
0.524766;0.465682;0
0.955535;0.641224;0
0.92288;0.61269;0
0.672445;0.230567;0
0.939695;0.505417;0
0.782617;0.748436;0
0.537553;0.518326;0
0.929838;0.660695;0
0.742973;0.452284;0
0.595416;0.014405;0
0.97589;0.354747;0
0.796289;0.246773;0
0.796899;0.636525;0
0.584002;0.381695;0
0.395367;0.073611;0
0.683706;0.271187;0
0.443007;0.373791;0
0.400342;0.088382;0
0.77456;0.322092;0
0.830348;0.799585;0
0.534043;0.007996;0
0.7893;0.154637;0
0.351054;0.169012;0
0.628162;0.518937;0
0.452101;0.305795;0
0.930845;0.029359;0
0.91055;0.375805;0
0.52327;0.456801;0
0.637928;0.033692;0
0.880581;0.546281;0
0.494766;0.054445;0
0.434156;0.410047;0
0.225532;0.070101;0
0.576098;0.209082;0
0.427595;0.084262;0
0.972716;0.263131;0
0.986908;0.902707;0
0.439833;0.17185;0
0.442427;0.029054;0
0.423261;0.10596;0
0.718863;0.406507;0
0.837397;0.69866;0
0.305185;0.104617;0
0.617542;0.232459;0
0.725211;0.478866;0
0.222297;0.084902;0
0.944151;0.008728;0
0.462661;0.013886;0
0.831507;0.17304;0
0.249977;0.020173;0
0.891171;0.739586;0
0.421735;0.060945;0
0.73104;0.581683;0
0.98587;0.377789;0
0.522568;0.331095;0
0.226936;0.151524;0
0.635243;0.368694;0
0.855953;0.633473;0
0.447279;0.041139;0
0.740806;0.077853;0
0.697501;0.633564;0
0.790094;0.224311;0
0.408612;0.297372;0
0.307749;0.13834;0
0.054781;0.02823;0
0.484329;0.191168;0
0.606311;0.458174;0
0.443312;0.130284;0
0.72689;0.613117;0
0.478988;0.007874;0
0.441176;0.18778;0
0.875881;0.833888;0
0.946104;0.001434;0
0.608051;0.013581;0
0.648122;0.382031;0
0.903836;0.129826;0
0.296274;0.112461;0
0.742271;0.45436;0
0.924863;0.155339;0
0.870205;0.759758;0
0.914182;0.174169;0
0.449873;0.448592;0
0.082339;0.058473;0
0.236152;0.185736;0
0.152013;0.144353;0
0.891934;0.108829;0
0.877255;0.0918;0
0.515427;0.49617;0
0.779138;0.684469;0
0.329814;0.148686;0
0.560991;0.256935;0
0.996735;0.492843;0
0.537492;0.09415;0
0.168981;0.108188;0
0.499069;0.266518;0
0.584613;0.213233;0
0.601032;0.503616;0
0.775262;0.757591;0
0.559862;0.164769;0
0.913755;0.200934;0
0.448683;0.028169;0
0.560137;0.157842;0
0.55916;0.318247;0
0.580767;0.460738;0
0.941893;0.537156;0
0.082888;0.038789;0
0.601672;0.121128;0
0.481033;0.050203;0
0.212714;0.056673;0
0.589648;0.34846;0
0.633869;0.20484;0
0.69631;0.48677;0
0.95352;0.551988;0
0.852412;0.327586;0
0.980499;0.06769;0
0.585284;0.567492;0
0.890469;0.322184;0
0.809412;0.448531;0
0.29371;0.188971;0
0.717277;0.369213;0
0.915555;0.287271;0
0.89349;0.443098;0
0.738609;0.254555;0
0.804621;0.358257;0
0.2884;0.173681;0
0.478835;0.2107;0
0.887173;0.326914;0
0.761589;0.534288;0
0.828547;0.168188;0
0.722983;0.561296;0
0.468032;0.028809;0
0.602222;0.214759;0
0.405133;0.097232;0
0.759301;0.719779;0
0.297189;0.100833;0
0.575976;0.187078;0
0.555895;0.145207;0
0.342357;0.292886;0
0.667562;0.601459;0
0.58034;0.097446;0
0.644215;0.046419;0
0.87637;0.770165;0
0.965941;0.72457;0
0.521592;0.055574;0
0.431471;0.32963;0
0.275002;0.024506;0
0.854732;0.471206;0
0.653859;0.21012;0
0.671133;0.336497;0
0.849116;0.259163;0
0.501053;0.143345;0
0.690085;0.022279;0
0.486221;0.223518;0
0.861019;0.609394;0
0.902219;0.095645;0
0.902432;0.804407;0
0.370067;0.302316;0
0.735008;0.437849;0
0.837153;0.394238;0
0.686758;0.624714;0
0.715598;0.561998;0
0.317148;0.10126;0
0.471664;0.467025;0
0.91409;0.510025;0
0.972503;0.196509;0
0.305765;0.246406;0
0.754936;0.256233;0
0.689749;0.331736;0
0.960295;0.104923;0
0.826472;0.52736;0
0.243263;0.083071;0
0.997223;0.445784;0
0.70809;0.483718;0
0.83462;0.38496;0
0.910184;0.370891;0
0.448775;0.354259;0
0.436476;0.052156;0
0.898801;0.594531;0
0.624836;0.249825;0
0.949828;0.880825;0
0.45436;0.133457;0
0.396161;0.0141;0
0.510208;0.420942;0
0.906156;0.067446;0
0.841151;0.77636;0
0.436079;0.058168;0
0.96173;0.901883;0
0.73806;0.146275;0
0.383282;0.020905;0
0.699301;0.627735;0
0.082369;0.050691;0
0.583117;0.5468;0
0.961364;0.212836;0
0.771111;0.022767;0
0.522599;0.455733;0
0.905087;0.655721;0
0.443892;0.192083;0
0.386334;0.210425;0
0.493332;0.005737;0
0.873012;0.824702;0
0.235084;0.119938;0
0.735099;0.725028;0
0.237556;0.145726;0
0.978271;0.874233;0
0.809351;0.465499;0
0.50032;0.287545;0
0.940794;0.34373;0
0.819178;0.8052;0
0.338084;0.110904;0
0.4185;0.383465;0
0.992645;0.445326;0
0.63863;0.395489;0
0.450056;0.333506;0
0.119327;0.003571;0
0.713828;0.442549;0
0.007599;0.003876;0
0.512711;0.384625;0
0.993103;0.462508;0
0.577349;0.567095;0
0.778619;0.201056;0
0.507218;0.273965;0
0.614826;0.328196;0
0.327311;0.206397;0
0.467574;0.056429;0
0.846248;0.736045;0
0.655171;0.046602;0
0.574541;0.031281;0
0.916562;0.531541;0
0.51204;0.322031;0
0.378124;0.228156;0
0.812128;0.508194;0
0.570513;0.089511;0
0.592456;0.373333;0
0.952666;0.365673;0
0.696524;0.010498;0
0.90994;0.295206;0
0.951262;0.355815;0
0.94351;0.491989;0
0.942351;0.661977;0
0.174108;0.053896;0
0.074343;0.061892;0
0.820338;0.496811;0
0.843867;0.171728;0
0.440107;0.135197;0
0.568438;0.216895;0
0.996582;0.594836;0
0.509751;0.270669;0
0.7004;0.24192;0
0.927274;0.338786;0
0.311197;0.193091;0
0.799036;0.54564;0
0.366497;0.016297;0
0.603168;0.470382;0
0.240211;0.107944;0
0.910703;0.62096;0
0.912442;0.475845;0
0.952605;0.898404;0
0.995636;0.702292;0
0.941649;0.933836;0
0.663533;0.332438;0
0.735038;0.559557;0
0.722892;0.164495;0
0.95941;0.302866;0
0.785638;0.26484;0
0.601306;0.508011;0
0.362438;0.133122;0
0.18302;0.173162;0
0.670125;0.332377;0
0.926908;0.922636;0
0.490188;0.437056;0
0.303629;0.299387;0
0.578845;0.023682;0
0.936613;0.861415;0
0.703146;0.521439;0
0.985565;0.676107;0
0.400616;0.256935;0
0.990844;0.58095;0
0.903073;0.571062;0
0.655599;0.353984;0
0.561998;0.291543;0
0.985351;0.290811;0
0.848842;0.304544;0
0.711142;0.709464;0
0.694754;0.116367;0
0.983703;0.235969;0
0.811579;0.551378;0
0.91287;0.261086;0
0.45204;0.059938;0
0.860591;0.491531;0
0.897671;0.12363;0
0.406171;0.11594;0
0.906644;0.068667;0
0.755303;0.247353;0
0.221503;0.12125;0
0.674551;0.184149;0
0.575365;0.440229;0
0.775658;0.342601;0
0.276986;0.129551;0
0.779687;0.509842;0
0.914731;0.817621;0
0.602161;0.255104;0
0.873196;0.824854;0
0.950896;0.840907;0
0.729484;0.118717;0
0.871548;0.780938;0
0.742485;0.705039;0
0.334422;0.330668;0
0.52147;0.046724;0
0.948424;0.867397;0
0.886013;0.406476;0
0.764763;0.343394;0
0.934935;0.329325;0
0.773705;0.10654;0
0.798486;0.50795;0
0.296426;0.244514;0
0.984252;0.332621;0
0.35255;0.280557;0
0.903653;0.016602;0
0.9935;0.197027;0
0.186773;0.031434;0
0.934751;0.716666;0
0.490585;0.441694;0
0.511063;0.357219;0
0.557299;0.085025;0
0.286019;0.202826;0
0.252907;0.173864;0
0.870449;0.135533;0
0.281808;0.147435;0
0.434767;0.174963;0
0.510849;0.237739;0
0.371563;0.090091;0
0.867397;0.349864;0
0.924467;0.790338;0
0.998718;0.094058;0
0.207282;0.134098;0
0.751946;0.148076;0
0.645436;0.14658;0
0.278603;0.012757;0
0.484939;0.255959;0
0.647877;0.126774;0
0.851497;0.122349;0
0.988891;0.114933;0
0.77282;0.251473;0
0.906461;0.615558;0
0.796777;0.037538;0
0.112918;0.112674;0
0.823389;0.182958;0
0.895474;0.301859;0
0.841517;0.003967;0
0.661275;0.328471;0
0.553148;0.35374;0
0.679159;0.086245;0
0.869137;0.764275;0
0.975402;0.175359;0
0.985076;0.099094;0
0.744438;0.601337;0
0.083346;0.051057;0
0.745018;0.476241;0
0.964324;0.484512;0
0.999145;0.763298;0
0.712485;0.455855;0
0.985229;0.957305;0
0.840419;0.483932;0
0.614154;0.543352;0
0.486587;0.31547;0
0.316355;0.113468;0
0.257393;0.196722;0
0.905545;0.890896;0
0.442885;0.307443;0
0.88287;0.635914;0
0.293374;0.140629;0
0.918119;0.434431;0
0.972869;0.726188;0
0.941893;0.417798;0
0.896573;0.015046;0
0.94055;0.575915;0
0.160009;0.13065;0
0.487472;0.317331;0
0.62862;0.467513;0
0.761895;0.401227;0
0.501053;0.500504;0
0.937864;0.604968;0
0.798608;0.433027;0
0.936216;0.459334;0
0.178625;0.014283;0
0.329356;0.288339;0
0.404218;0.338267;0
0.289315;0.09302;0
0.513199;0.101718;0
0.626057;0.155553;0
0.883633;0.672567;0
0.499008;0.366283;0
0.996216;0.550401;0
0.891446;0.470962;0
0.975341;0.099124;0
0.79458;0.586261;0
0.527818;0.519974;0
0.72393;0.462355;0
0.736778;0.258522;0
0.891568;0.605152;0
0.782434;0.68688;0
0.810877;0.571123;0
0.609241;0.308542;0
0.565844;0.193701;0
0.364605;0.191443;0
0.531053;0.381054;0
0.884579;0.657918;0
0.455397;0.126377;0
0.648579;0.439009;0
0.375042;0.107303;0
0.449019;0.136906;0
0.956389;0.585345;0
0.461562;0.357219;0
0.652699;0.22837;0
0.598193;0.347789;0
0.915098;0.587603;0
0.248268;0.224799;0
0.769951;0.335246;0
0.788507;0.360942;0
0.938932;0.388592;0
0.161199;0.055879;0
0.217627;0.148564;0
0.86111;0.632008;0
0.867214;0.314951;0
0.687796;0.017212;0
0.103397;0.022492;0
0.876858;0.425733;0
0.58449;0.044496;0
0.560106;0.50911;0
0.58739;0.329295;0
0.977386;0.252083;0
0.717734;0.291574;0
0.286264;0.178503;0
0.548112;0.138768;0
0.718467;0.209906;0
0.259865;0.080813;0
0.796045;0.662893;0
0.275613;0.171697;0
0.885952;0.249153;0
0.666952;0.200415;0
0.468642;0.016419;0
0.879055;0.567858;0
0.456832;0.35136;0
0.301309;0.029206;0
0.278146;0.153172;0
0.587603;0.55797;0
0.894559;0.455611;0
0.808679;0.628132;0
0.554643;0.348827;0
0.706778;0.291726;0
0.967071;0.130985;0
0.728233;0.066805;0
0.693991;0.564959;0
0.859218;0.503525;0
0.964171;0.890072;0
0.925565;0.371685;0
0.600116;0.196051;0
0.78106;0.013367;0
0.926481;0.025819;0
0.488571;0.093539;0
0.339732;0.208747;0
0.91757;0.861476;0
0.112735;0.073702;0
0.236579;0.141606;0
0.296457;0.26017;0
0.968688;0.37843;0
0.994629;0.786218;0
0.937559;0.638844;0
0.873012;0.350627;0
0.930052;0.666005;0
0.534867;0.437849;0
0.317057;0.166204;0
0.316843;0.118564;0
0.646901;0.428877;0
0.704123;0.555834;0
0.737266;0.574145;0
0.521012;8.55E-04;0
0.800836;0.184729;0
0.572741;0.040254;0
0.55208;0.488845;0
0.470534;0.15067;0
0.338755;0.178961;0
0.877468;0.265175;0
0.176366;0.169866;0
0.534013;0.397961;0
0.84106;0.19953;0
0.984283;0.915311;0
0.74517;0.015046;0
0.741417;0.057802;0
0.743034;0.54326;0
0.778649;0.617298;0
0.359111;0.184393;0
0.620655;0.074099;0
0.667165;0.504715;0
0.228401;0.208289;0
0.77575;0.077456;0
0.233741;0.219611;0
0.749657;0.582842;0
0.633534;0.009766;0
0.599445;0.123875;0
0.916593;0.212287;0
0.273141;0.054201;0
0.954344;0.297067;0
0.933958;0.450209;0
0.441664;0.019227;0
0.501419;0.028443;0
0.642964;0.384686;0
0.103183;0.049715;0
0.755516;0.737907;0
0.85577;0.098422;0
0.301859;0.067141;0
0.616413;0.003235;0
0.881039;0.629719;0
0.582568;0.407849;0
0.55797;0.474044;0
0.801386;0.746971;0
0.071505;0.055422;0
0.78222;0.760887;0
0.980682;0.324656;0
0.608875;0.285562;0
0.410779;0.16776;0
0.530168;0.443342;0
0.956114;0.806391;0
0.977142;0.648366;0
0.527085;0.504654;0
0.963073;0.03885;0
0.580493;0.404492;0
0.749016;0.218421;0
0.83108;0.144505;0
0.791284;0.789331;0
0.977874;0.306925;0
0.383282;0.033296;0
0.921659;0.20661;0
0.889431;0.21424;0
0.894284;0.812464;0
0.787408;0.75689;0
0.90231;0.770837;0
0.843593;0.090884;0
0.243873;0.149358;0
0.367718;0.075106;0
0.554216;0.516739;0
0.672994;0.37022;0
0.623066;0.486373;0
0.8305;0.695669;0
0.641072;0.179052;0
0.989563;0.134587;0
0.615284;0.244423;0
0.482131;0.462996;0
0.833247;0.666677;0
0.887814;0.44615;0
0.819849;0.619739;0
0.268807;0.075716;0
0.954222;0.81634;0
0.758354;0.497055;0
0.306284;0.056185;0
0.908994;0.439497;0
0.902554;0.855556;0
0.760033;0.464766;0
0.931883;0.399884;0
0.69274;0.084506;0
0.915036;0.417615;0
0.926084;0.28309;0
0.230171;0.192145;0
0.061983;0.05472;0
0.537889;0.123936;0
0.565966;0.504135;0
0.943449;0.322611;0
0.121952;0.102878;0
0.623951;0.499771;0
0.481368;0.340281;0
0.944853;0.856197;0
0.733238;0.370861;0
0.786431;0.229743;0
0.849391;0.557756;0
0.7051;0.224464;0
0.891293;0.677572;0
0.364666;0.139042;0
0.941099;0.756706;0
0.947813;0.537828;0
0.184362;0.101627;0
0.772454;0.617908;0
0.427076;0.118473;0
0.848445;0.386303;0
0.919126;0.363964;0
0.816614;0.207984;0
0.584521;0.517045;0
0.776849;0.316599;0
0.611011;0.430586;0
0.821558;0.36848;0
0.254372;0.248207;0
0.892178;0.284219;0
0.26249;0.144414;0
0.973052;0.019288;0
0.719687;0.003388;0
0.53148;0.332499;0
0.452284;0.11008;0
0.964965;0.928373;0
0.80871;0.078036;0
0.893185;0.623249;0
0.865658;0.41728;0
0.604175;0.102939;0
0.822291;0.709067;0
0.968932;0.611347;0
0.32664;0.01294;0
0.641224;0.358074;0
0.689261;0.230476;0
0.875179;0.652211;0
0.472732;0.22248;0
0.876461;0.228095;0
0.188421;0.054811;0
0.831965;0.336528;0
0.745323;0.045869;0
0.509781;0.002441;0
0.975555;0.074862;0
0.997955;0.018555;0
0.800348;0.601733;0
0.732353;0.211921;0
0.414014;0.345134;0
0.888028;0.546068;0
0.502976;0.382183;0
0.842738;0.571734;0
0.970458;0.060366;0
0.994659;0.660482;0
0.911466;0.85229;0
0.451765;0.041536;0
0.460982;0.435011;0
0.952971;0.0365;0
0.866909;0.602985;0
0.603595;0.066408;0
0.891995;0.693258;0
0.689962;0.33607;0
0.675558;0.62981;0
0.583575;0.512375;0
0.936003;0.155004;0
0.43025;0.374248;0
0.484146;0.315867;0
0.628651;0.161901;0
0.798059;0.686819;0
0.680502;0.483627;0
0.645497;0.318949;0
0.43968;0.048158;0
0.447432;0.109836;0
0.911008;0.095035;0
0.818751;0.551866;0
0.73397;0.657094;0
0.845759;0.674154;0
0.957457;0.339396;0
0.24012;0.180181;0
0.569842;0.354564;0
0.821345;0.348216;0
0.741417;0.253182;0
0.748375;0.148015;0
0.969268;0.194311;0
0.824061;0.116031;0
0.557207;0.490127;0
0.127567;0.059359;0
0.707633;0.684561;0
0.798853;0.741508;0
0.926054;0.763237;0
0.723624;0.453871;0
0.999664;0.420118;0
0.576983;0.048311;0
0.938658;0.420576;0
0.13892;0.05591;0
0.583514;0.298196;0
0.932279;0.160161;0
0.39613;0.205298;0
0.921232;0.336558;0
0.809931;0.274392;0
0.534654;0.196295;0
0.685354;0.103244;0
0.525803;0.030793;0
0.142582;0.018433;0
0.389142;0.203375;0
0.623463;0.556658;0
0.312632;0.153661;0
0.349864;0.218024;0
0.364971;0.076998;0
0.997559;0.299936;0
0.750542;0.349376;0
0.667806;0.384381;0
0.66393;0.552385;0
