x,y,class
0.174902,0.303568,0.0
0.276345,0.274911,0.0
0.217475,0.163793,0.0
0.238716,0.223548,0.0
0.222938,0.32078,0.0
0.224006,0.179327,0.0
0.218543,0.198767,0.0
0.333354,0.233924,0.0
0.269082,0.177496,0.0
0.309519,0.207434,0.0
0.207739,0.20304,0.0
0.1648,0.226814,0.0
0.244453,0.187384,0.0
0.309305,0.190191,0.0
0.267281,0.266182,0.0
0.237892,0.269539,0.0
0.170904,0.296091,0.0
0.263527,0.194952,0.0
0.263283,0.298257,0.0
0.228065,0.315531,0.0
0.334513,0.243568,0.0
0.218329,0.310251,0.0
0.197241,0.274575,0.0
0.18009,0.209815,0.0
0.282144,0.344127,0.0
0.278848,0.210395,0.0
0.233924,0.294168,0.0
0.218818,0.1807,0.0
0.233985,0.234993,0.0
0.282388,0.279794,0.0
0.248268,0.284829,0.0
0.183172,0.232704,0.0
0.221686,0.32487,0.0
0.241279,0.281228,0.0
0.24192,0.242378,0.0
0.270486,0.175695,0.0
0.249062,0.333903,0.0
0.278603,0.255715,0.0
0.212256,0.233528,0.0
0.187201,0.189062,0.0
0.231239,0.223518,0.0
0.211951,0.316813,0.0
0.223731,0.332774,0.0
0.244087,0.335276,0.0
0.326579,0.308329,0.0
0.214637,0.175848,0.0
0.292184,0.240547,0.0
0.26133,0.318522,0.0
0.177007,0.307718,0.0
0.233161,0.258827,0.0
0.186712,0.273171,0.0
0.208686,0.291604,0.0
0.221412,0.329386,0.0
0.181066,0.197638,0.0
0.316324,0.303446,0.0
0.175939,0.264748,0.0
0.219367,0.285958,0.0
0.237648,0.210913,0.0
0.191382,0.241493,0.0
0.220618,0.282449,0.0
0.304025,0.170598,0.0
0.234809,0.196448,0.0
0.272134,0.239265,0.0
0.233406,0.17243,0.0
0.232459,0.248238,0.0
0.257393,0.236396,0.0
0.244423,0.261452,0.0
0.18363,0.320627,0.0
0.16129,0.239875,0.0
0.254341,0.304147,0.0
0.226997,0.153325,0.0
0.245186,0.270058,0.0
0.208899,0.27073,0.0
0.189673,0.267342,0.0
0.303903,0.25837,0.0
0.261391,0.22898,0.0
0.290933,0.313242,0.0
0.184973,0.291635,0.0
0.225898,0.209326,0.0
0.21543,0.223304,0.0
0.247383,0.220649,0.0
0.193213,0.190435,0.0
0.23899,0.197424,0.0
0.204291,0.29902,0.0
0.253609,0.199072,0.0
0.290567,0.260811,0.0
0.349193,0.259133,0.0
0.327769,0.242531,0.0
0.229225,0.320139,0.0
0.209235,0.275979,0.0
0.167852,0.293466,0.0
0.157109,0.252968,0.0
0.312082,0.234321,0.0
0.220923,0.338267,0.0
0.200934,0.205573,0.0
0.167272,0.30546,0.0
0.232063,0.262795,0.0
0.242103,0.258065,0.0
0.271218,0.26017,0.0
0.241493,0.197974,0.0
0.237251,0.207495,0.0
0.30018,0.237648,0.0
0.211707,0.252602,0.0
0.311258,0.206305,0.0
0.316721,0.310312,0.0
0.217139,0.287881,0.0
0.344768,0.254921,0.0
0.167241,0.205267,0.0
0.253975,0.292306,0.0
0.268532,0.16071,0.0
0.201636,0.162755,0.0
0.242347,0.263649,0.0
0.321116,0.249153,0.0
0.289224,0.282266,0.0
0.163274,0.240974,0.0
0.234809,0.308756,0.0
0.27253,0.282174,0.0
0.266854,0.215766,0.0
0.333476,0.240364,0.0
0.230476,0.295999,0.0
0.246986,0.268532,0.0
0.239387,0.294351,0.0
0.245064,0.346538,0.0
0.293802,0.324046,0.0
0.244728,0.159673,0.0
0.275826,0.153996,0.0
0.293313,0.339579,0.0
0.303049,0.255196,0.0
0.315134,0.271126,0.0
0.308969,0.177587,0.0
0.305155,0.228401,0.0
0.225105,0.323527,0.0
0.262551,0.189581,0.0
0.264138,0.298502,0.0
0.243843,0.181585,0.0
0.264748,0.316141,0.0
0.214515,0.280251,0.0
0.234291,0.167821,0.0
0.302499,0.288369,0.0
0.242531,0.209204,0.0
0.231605,0.153417,0.0
0.186102,0.179357,0.0
0.321238,0.300913,0.0
0.271279,0.274697,0.0
0.245003,0.233161,0.0
0.262581,0.268044,0.0
0.277169,0.166967,0.0
0.161809,0.262398,0.0
0.186438,0.307535,0.0
0.229804,0.276131,0.0
0.19483,0.314646,0.0
0.190802,0.264962,0.0
0.263619,0.174078,0.0
0.225806,0.316904,0.0
0.282937,0.268746,0.0
0.172735,0.312113,0.0
0.221046,0.279733,0.0
0.16126,0.281961,0.0
0.257271,0.275002,0.0
0.266793,0.271371,0.0
0.199713,0.271676,0.0
0.173406,0.195746,0.0
0.229926,0.307321,0.0
0.346538,0.255837,0.0
0.204901,0.276009,0.0
0.225776,0.164495,0.0
0.300851,0.169683,0.0
0.200812,0.321787,0.0
0.298593,0.230995,0.0
0.191412,0.29252,0.0
0.341105,0.265114,0.0
0.205847,0.32313,0.0
0.281259,0.262947,0.0
0.181494,0.29313,0.0
0.309946,0.327403,0.0
0.267037,0.21128,0.0
0.168401,0.265542,0.0
0.252144,0.250649,0.0
0.279916,0.34434,0.0
0.211615,0.267525,0.0
0.216041,0.261544,0.0
0.303507,0.25074,0.0
0.338481,0.218726,0.0
0.164586,0.26017,0.0
0.196417,0.190191,0.0
0.183447,0.282662,0.0
0.222999,0.287973,0.0
0.342112,0.284371,0.0
0.194647,0.184668,0.0
0.170568,0.26191,0.0
0.27192,0.216437,0.0
0.262764,0.216742,0.0
0.33552,0.281777,0.0
0.245552,0.195196,0.0
0.312845,0.225135,0.0
0.305582,0.284402,0.0
0.192389,0.246925,0.0
0.188238,0.244697,0.0
0.235694,0.179235,0.0
0.243965,0.331553,0.0
0.257241,0.317087,0.0
0.266396,0.240669,0.0
0.199103,0.319956,0.0
0.182958,0.211676,0.0
0.266427,0.155736,0.0
0.256935,0.334574,0.0
0.327494,0.205054,0.0
0.209967,0.255348,0.0
0.222541,0.225593,0.0
0.228797,0.177953,0.0
0.222419,0.203192,0.0
0.224494,0.193731,0.0
0.1789,0.302927,0.0
0.276101,0.246956,0.0
0.207923,0.218146,0.0
0.314585,0.236488,0.0
0.232368,0.346873,0.0
0.179449,0.246864,0.0
0.226325,0.235481,0.0
0.236763,0.335246,0.0
0.277444,0.249123,0.0
0.266793,0.316599,0.0
0.2743,0.336985,0.0
0.249977,0.1536,0.0
0.152654,0.269173,0.0
0.156224,0.227271,0.0
0.285562,0.3361,0.0
0.284738,0.223395,0.0
0.332957,0.267495,0.0
0.282754,0.269082,0.0
0.273904,0.336833,0.0
0.215735,0.179846,0.0
0.310251,0.197729,0.0
0.261025,0.24015,0.0
0.297128,0.311075,0.0
0.184729,0.248634,0.0
0.270455,0.284188,0.0
0.291818,0.180212,0.0
0.317637,0.18244,0.0
0.194189,0.182012,0.0
0.224769,0.182653,0.0
0.288125,0.330393,0.0
0.341929,0.220618,0.0
0.166997,0.225898,0.0
0.225593,0.201849,0.0
0.207831,0.244514,0.0
0.299509,0.297372,0.0
0.275063,0.202368,0.0
0.184606,0.175878,0.0
0.172033,0.311167,0.0
0.268715,0.319254,0.0
0.167943,0.24189,0.0
0.283609,0.211066,0.0
0.223487,0.195685,0.0
0.24427,0.200812,0.0
0.287667,0.282723,0.0
0.266091,0.249763,0.0
0.336772,0.250649,0.0
0.33195,0.22898,0.0
0.256355,0.315531,0.0
0.312876,0.21073,0.0
0.251167,0.194739,0.0
0.240791,0.253487,0.0
0.262398,0.25486,0.0
0.277902,0.289224,0.0
0.234718,0.188208,0.0
0.298379,0.181158,0.0
0.303079,0.171697,0.0
0.327952,0.285928,0.0
0.225806,0.162481,0.0
0.190985,0.220191,0.0
0.179876,0.257637,0.0
0.180914,0.297281,0.0
0.246651,0.154363,0.0
0.268746,0.157048,0.0
0.217566,0.219703,0.0
0.270547,0.294443,0.0
0.293435,0.287973,0.0
0.268685,0.252052,0.0
0.264168,0.174322,0.0
0.342967,0.237983,0.0
0.179785,0.198309,0.0
0.293924,0.309458,0.0
0.348521,0.262947,0.0
0.290139,0.250252,0.0
0.259865,0.2949,0.0
0.267586,0.305338,0.0
0.313578,0.315775,0.0
0.280221,0.321085,0.0
0.285653,0.200446,0.0
0.233345,0.206671,0.0
0.168584,0.230384,0.0
0.313334,0.299814,0.0
0.211249,0.22248,0.0
0.291269,0.332743,0.0
0.261879,0.24839,0.0
0.180883,0.292703,0.0
0.155309,0.239479,0.0
0.299203,0.26484,0.0
0.277749,0.27073,0.0
0.206885,0.209082,0.0
0.164892,0.208136,0.0
0.294015,0.228462,0.0
0.295877,0.200598,0.0
0.195074,0.209204,0.0
0.251228,0.274361,0.0
0.196051,0.252174,0.0
0.160619,0.213599,0.0
0.320322,0.304392,0.0
0.319559,0.253639,0.0
0.308206,0.292215,0.0
0.337291,0.249031,0.0
0.269936,0.248634,0.0
0.232856,0.294229,0.0
0.295053,0.252846,0.0
0.202643,0.229896,0.0
0.235145,0.194433,0.0
0.276376,0.212409,0.0
0.236274,0.264473,0.0
0.20014,0.174566,0.0
0.236579,0.184729,0.0
0.233833,0.1789,0.0
0.245827,0.183874,0.0
0.336375,0.245705,0.0
0.316416,0.201422,0.0
0.224311,0.28135,0.0
0.288766,0.293374,0.0
0.187597,0.18302,0.0
0.321238,0.207556,0.0
0.318522,0.280038,0.0
0.219367,0.199866,0.0
0.239021,0.259163,0.0
0.318766,0.214179,0.0
0.27723,0.255989,0.0
0.173559,0.196814,0.0
0.289315,0.238105,0.0
0.185705,0.246101,0.0
0.230018,0.17246,0.0
0.30546,0.20838,0.0
0.27958,0.186102,0.0
0.246559,0.210028,0.0
0.23661,0.229102,0.0
0.213477,0.332621,0.0
0.254433,0.203467,0.0
0.331828,0.284158,0.0
0.214484,0.303171,0.0
0.181402,0.319224,0.0
0.230293,0.282601,0.0
0.275613,0.162297,0.0
0.341655,0.216773,0.0
0.196326,0.26075,0.0
0.276986,0.26429,0.0
0.304941,0.184851,0.0
0.30549,0.27076,0.0
0.278115,0.236946,0.0
0.265389,0.302805,0.0
0.302042,0.224555,0.0
0.311136,0.31251,0.0
0.194891,0.274972,0.0
0.218757,0.245888,0.0
0.295511,0.332408,0.0
0.206244,0.309183,0.0
0.327494,0.259957,0.0
0.225349,0.173894,0.0
0.190008,0.225288,0.0
0.270577,0.236396,0.0
0.27723,0.160436,0.0
0.267464,0.243019,0.0
0.236183,0.24131,0.0
0.223457,0.162938,0.0
0.235786,0.257179,0.0
0.231788,0.174627,0.0
0.318522,0.294046,0.0
0.338755,0.294259,0.0
0.290231,0.34022,0.0
0.270028,0.257759,0.0
0.263314,0.335948,0.0
0.237373,0.24662,0.0
0.275216,0.331462,0.0
0.324656,0.288919,0.0
0.204352,0.25898,0.0
0.301553,0.212348,0.0
0.188696,0.291787,0.0
0.271432,0.201514,0.0
0.173864,0.232246,0.0
0.271981,0.18302,0.0
0.218726,0.242897,0.0
0.266671,0.226875,0.0
0.277413,0.24543,0.0
0.293405,0.30134,0.0
0.218635,0.155156,0.0
0.229621,0.263161,0.0
0.241218,0.318155,0.0
0.226325,0.156438,0.0
0.296701,0.253151,0.0
0.265969,0.211097,0.0
0.237037,0.271004,0.0
0.264321,0.198614,0.0
0.259682,0.304086,0.0
0.242103,0.187872,0.0
0.257759,0.233985,0.0
0.159307,0.267861,0.0
0.296731,0.334819,0.0
0.250557,0.207862,0.0
0.225715,0.264657,0.0
0.228858,0.276925,0.0
0.301523,0.207831,0.0
0.260079,0.246498,0.0
0.27131,0.245735,0.0
0.249214,0.259163,0.0
0.312387,0.245979,0.0
0.211554,0.19303,0.0
0.332438,0.233314,0.0
0.297067,0.228858,0.0
0.245705,0.335246,0.0
0.256294,0.18482,0.0
0.25071,0.183325,0.0
0.249062,0.225532,0.0
0.251564,0.337962,0.0
0.189001,0.257515,0.0
0.248207,0.157994,0.0
0.29136,0.279305,0.0
0.199255,0.22074,0.0
0.242927,0.22132,0.0
0.171758,0.282632,0.0
0.322275,0.282601,0.0
0.204291,0.195471,0.0
0.234962,0.243965,0.0
0.216651,0.326853,0.0
0.208014,0.298074,0.0
0.269692,0.34785,0.0
0.276742,0.200598,0.0
0.278207,0.339213,0.0
0.292093,0.32429,0.0
0.208228,0.165227,0.0
0.333293,0.255989,0.0
0.256386,0.176794,0.0
0.237068,0.309061,0.0
0.31843,0.288675,0.0
0.249916,0.327311,0.0
0.215125,0.188482,0.0
0.271126,0.212653,0.0
0.216712,0.301187,0.0
0.270577,0.199469,0.0
0.252266,0.2931,0.0
0.330393,0.195441,0.0
0.277139,0.162664,0.0
0.261727,0.320353,0.0
0.26957,0.246773,0.0
0.25544,0.175604,0.0
0.252113,0.290231,0.0
0.244697,0.193854,0.0
0.166265,0.257149,0.0
0.276559,0.314859,0.0
0.289956,0.324107,0.0
0.200446,0.166448,0.0
0.262154,0.266854,0.0
0.309763,0.277535,0.0
0.27958,0.191137,0.0
0.172979,0.293985,0.0
0.258736,0.312662,0.0
0.324534,0.293435,0.0
0.207587,0.276681,0.0
0.239662,0.258217,0.0
0.150853,0.251259,0.0
0.226753,0.163396,0.0
0.220588,0.317759,0.0
0.310404,0.300577,0.0
0.315348,0.277322,0.0
0.277566,0.337962,0.0
0.153661,0.254433,0.0
0.206824,0.228675,0.0
0.224006,0.3455,0.0
0.175268,0.230964,0.0
0.219031,0.342692,0.0
0.336863,0.286996,0.0
0.281014,0.28309,0.0
0.15186,0.243141,0.0
0.233833,0.241096,0.0
0.281686,0.246406,0.0
0.208747,0.252571,0.0
0.18244,0.238319,0.0
0.265084,0.186987,0.0
0.164373,0.221961,0.0
0.334086,0.227943,0.0
0.245399,0.2537,0.0
0.234382,0.229743,0.0
0.320811,0.206641,0.0
0.305033,0.191504,0.0
0.251259,0.185919,0.0
0.344707,0.271065,0.0
0.212622,0.284646,0.0
0.231727,0.259865,0.0
0.233222,0.239326,0.0
0.263039,0.173864,0.0
0.301004,0.202582,0.0
0.247932,0.316294,0.0
0.333171,0.270211,0.0
0.207068,0.217994,0.0
0.277047,0.273324,0.0
0.273171,0.324229,0.0
0.268563,0.233619,0.0
0.240486,0.164556,0.0
0.220923,0.164739,0.0
0.202002,0.223273,0.0
0.264473,0.298013,0.0
0.209876,0.264931,0.0
0.198584,0.238044,0.0
0.236549,0.19953,0.0
0.28547,0.185156,0.0
0.529435,0.464187,1.0
0.440168,0.521958,1.0
0.433546,0.493149,1.0
0.487777,0.462844,1.0
0.525315,0.546861,1.0
0.468032,0.441298,1.0
0.536302,0.426893,1.0
0.439161,0.430769,1.0
0.437178,0.574175,1.0
0.416761,0.534135,1.0
0.489059,0.441389,1.0
0.552873,0.426374,1.0
0.409864,0.486312,1.0
0.49678,0.564714,1.0
0.472579,0.498276,1.0
0.530625,0.532334,1.0
0.533097,0.519639,1.0
0.468642,0.566118,1.0
0.453322,0.583728,1.0
0.496567,0.543596,1.0
0.572802,0.511429,1.0
0.445692,0.562914,1.0
0.50502,0.566424,1.0
0.559954,0.42851,1.0
0.455367,0.518632,1.0
0.553667,0.44792,1.0
0.464858,0.508896,1.0
0.515427,0.485427,1.0
0.584765,0.537584,1.0
0.466597,0.462935,1.0
0.588336,0.541337,1.0
0.520005,0.575243,1.0
0.527909,0.431074,1.0
0.499588,0.491989,1.0
0.40672,0.491134,1.0
0.473952,0.413984,1.0
0.432051,0.447218,1.0
0.524491,0.560503,1.0
0.451064,0.577837,1.0
0.587024,0.466903,1.0
0.419782,0.446394,1.0
0.467238,0.494827,1.0
0.43141,0.550249,1.0
0.478927,0.539903,1.0
0.559984,0.491195,1.0
0.478133,0.485244,1.0
0.508133,0.502335,1.0
0.438765,0.520035,1.0
0.556444,0.494552,1.0
0.582537,0.537248,1.0
0.500565,0.531114,1.0
0.499802,0.412793,1.0
0.51207,0.566332,1.0
0.548143,0.54387,1.0
0.437483,0.530686,1.0
0.513962,0.592639,1.0
0.533586,0.525742,1.0
0.423933,0.502823,1.0
0.548204,0.533799,1.0
0.475845,0.536119,1.0
0.454451,0.421796,1.0
0.420637,0.530808,1.0
0.565233,0.572161,1.0
0.543748,0.580737,1.0
0.530259,0.43675,1.0
0.568194,0.532395,1.0
0.441176,0.485275,1.0
0.544877,0.533921,1.0
0.574053,0.530442,1.0
0.423048,0.519333,1.0
0.414991,0.501816,1.0
0.484237,0.557421,1.0
0.526109,0.467788,1.0
0.511887,0.565416,1.0
0.476058,0.404645,1.0
0.571978,0.505966,1.0
0.40907,0.499496,1.0
0.544542,0.578417,1.0
0.457869,0.479141,1.0
0.437788,0.435194,1.0
0.495193,0.591784,1.0
0.454665,0.565081,1.0
0.405866,0.477309,1.0
0.463424,0.590228,1.0
0.521012,0.526414,1.0
0.467513,0.49144,1.0
0.465712,0.42671,1.0
0.447951,0.52031,1.0
0.473952,0.534074,1.0
0.506211,0.524552,1.0
0.590075,0.534349,1.0
0.424818,0.524186,1.0
0.523606,0.569414,1.0
0.492782,0.542436,1.0
0.532762,0.42436,1.0
0.43852,0.425001,1.0
0.496811,0.413343,1.0
0.521287,0.536607,1.0
0.566088,0.520096,1.0
0.545,0.577136,1.0
0.495529,0.46733,1.0
0.504013,0.526475,1.0
0.50676,0.543931,1.0
0.487472,0.571184,1.0
0.451033,0.576128,1.0
0.548784,0.429304,1.0
0.450148,0.500839,1.0
0.475875,0.517594,1.0
0.573321,0.565813,1.0
0.484115,0.523698,1.0
0.533525,0.487381,1.0
0.572069,0.563707,1.0
0.431867,0.571398,1.0
0.527238,0.476455,1.0
0.543535,0.47676,1.0
0.55739,0.469069,1.0
0.460524,0.532609,1.0
0.414441,0.499374,1.0
0.454146,0.575091,1.0
0.497513,0.543199,1.0
0.49144,0.527665,1.0
0.59328,0.465285,1.0
0.487381,0.558672,1.0
0.518052,0.523637,1.0
0.48207,0.425214,1.0
0.474197,0.405408,1.0
0.436232,0.558611,1.0
0.476119,0.522935,1.0
0.420606,0.455611,1.0
0.53618,0.41316,1.0
0.514298,0.491226,1.0
0.526688,0.51326,1.0
0.520249,0.405866,1.0
0.443525,0.504166,1.0
0.510788,0.448775,1.0
0.549669,0.563768,1.0
0.550737,0.468795,1.0
0.526933,0.536637,1.0
0.557909,0.426222,1.0
0.514237,0.479843,1.0
0.490524,0.507828,1.0
0.492965,0.494888,1.0
0.518265,0.429334,1.0
0.414686,0.468368,1.0
0.487075,0.562334,1.0
0.596698,0.481338,1.0
0.586138,0.470168,1.0
0.564562,0.549821,1.0
0.510147,0.521165,1.0
0.54854,0.585101,1.0
0.474471,0.496597,1.0
0.499741,0.574328,1.0
0.418226,0.443739,1.0
0.502579,0.548662,1.0
0.539567,0.447768,1.0
0.528153,0.404096,1.0
0.506882,0.406354,1.0
0.572497,0.531755,1.0
0.438948,0.443098,1.0
0.454665,0.570086,1.0
0.457839,0.516343,1.0
0.556536,0.57622,1.0
0.423475,0.520798,1.0
0.455672,0.549669,1.0
0.44377,0.549028,1.0
0.526231,0.468825,1.0
0.567675,0.544084,1.0
0.45851,0.541612,1.0
0.499313,0.522416,1.0
0.497909,0.588549,1.0
0.596332,0.491043,1.0
0.543016,0.482528,1.0
0.559008,0.519517,1.0
0.508957,0.428388,1.0
0.5515,0.415601,1.0
0.494308,0.461623,1.0
0.541459,0.457808,1.0
0.45378,0.534989,1.0
0.420392,0.490555,1.0
0.526048,0.519425,1.0
0.421155,0.519852,1.0
0.476394,0.42201,1.0
0.531083,0.498489,1.0
0.566546,0.572527,1.0
0.461318,0.590228,1.0
0.402203,0.484939,1.0
0.522813,0.459761,1.0
0.57152,0.555559,1.0
0.420942,0.448866,1.0
0.441145,0.509629,1.0
0.457808,0.517014,1.0
0.448988,0.531938,1.0
0.545976,0.540605,1.0
0.547136,0.506241,1.0
0.475967,0.520127,1.0
0.517167,0.589862,1.0
0.468459,0.560747,1.0
0.484664,0.559771,1.0
0.529527,0.446089,1.0
0.480819,0.511643,1.0
0.413343,0.525407,1.0
0.504379,0.417829,1.0
0.529649,0.485519,1.0
0.566424,0.492874,1.0
0.586993,0.524766,1.0
0.548692,0.581225,1.0
0.521348,0.579638,1.0
0.436232,0.518357,1.0
0.470565,0.57149,1.0
0.565508,0.512162,1.0
0.410993,0.502457,1.0
0.4785,0.472884,1.0
0.48796,0.592364,1.0
0.564379,0.512864,1.0
0.482162,0.573504,1.0
0.495102,0.559038,1.0
0.454817,0.502396,1.0
0.463485,0.527787,1.0
0.557726,0.429212,1.0
0.413251,0.466903,1.0
0.474715,0.529191,1.0
0.524064,0.536058,1.0
0.531266,0.590686,1.0
0.537278,0.53737,1.0
0.567217,0.486496,1.0
0.536546,0.489608,1.0
0.552873,0.470748,1.0
0.516129,0.583483,1.0
0.547136,0.562975,1.0
0.554918,0.535356,1.0
0.44499,0.528489,1.0
0.466323,0.441145,1.0
0.493667,0.402081,1.0
0.541337,0.500229,1.0
0.54912,0.566485,1.0
0.563066,0.465621,1.0
0.513871,0.518723,1.0
0.517045,0.421705,1.0
0.575579,0.501358,1.0
0.591998,0.507187,1.0
0.559313,0.439375,1.0
0.480789,0.433851,1.0
0.576495,0.563311,1.0
0.523972,0.482101,1.0
0.525681,0.524339,1.0
0.488662,0.406537,1.0
0.527604,0.436537,1.0
0.406323,0.491012,1.0
0.508957,0.542894,1.0
0.55034,0.448286,1.0
0.463637,0.541459,1.0
0.507828,0.488083,1.0
0.557329,0.497391,1.0
0.427412,0.482498,1.0
0.562334,0.436811,1.0
0.576312,0.46794,1.0
0.594501,0.474685,1.0
0.54799,0.507157,1.0
0.405744,0.504563,1.0
0.579546,0.518387,1.0
0.505936,0.514542,1.0
0.55678,0.490066,1.0
0.586688,0.470931,1.0
0.449446,0.456221,1.0
0.524155,0.552599,1.0
0.506577,0.513932,1.0
0.453383,0.53444,1.0
0.530137,0.502396,1.0
0.575762,0.477371,1.0
0.58916,0.468795,1.0
0.558,0.430891,1.0
0.463118,0.542405,1.0
0.499222,0.428755,1.0
0.551653,0.501236,1.0
0.46849,0.482559,1.0
0.454939,0.473983,1.0
0.522477,0.515122,1.0
0.407239,0.494858,1.0
0.440016,0.449171,1.0
0.449965,0.517289,1.0
0.516495,0.418409,1.0
0.479904,0.569384,1.0
0.44969,0.492172,1.0
0.50737,0.462813,1.0
0.471541,0.482925,1.0
0.533464,0.521622,1.0
0.546373,0.50267,1.0
0.571764,0.489822,1.0
0.491073,0.507401,1.0
0.467666,0.58388,1.0
0.525285,0.53032,1.0
0.501267,0.457869,1.0
0.564013,0.555406,1.0
0.509537,0.454146,1.0
0.500534,0.580889,1.0
0.507859,0.562853,1.0
0.520463,0.494125,1.0
0.591998,0.504196,1.0
0.454451,0.471236,1.0
0.503464,0.426527,1.0
0.476119,0.453017,1.0
0.415662,0.495407,1.0
0.549425,0.569384,1.0
0.542375,0.43968,1.0
0.456771,0.51738,1.0
0.592853,0.532884,1.0
0.575945,0.493362,1.0
0.445997,0.445448,1.0
0.423048,0.55797,1.0
0.525285,0.556749,1.0
0.471206,0.591327,1.0
0.487991,0.473128,1.0
0.590899,0.528275,1.0
0.521653,0.541002,1.0
0.444197,0.463515,1.0
0.490158,0.477248,1.0
0.430464,0.49968,1.0
0.49855,0.585101,1.0
0.460616,0.448225,1.0
0.483688,0.565111,1.0
0.484054,0.511551,1.0
0.542772,0.581408,1.0
0.560381,0.5421,1.0
0.521256,0.555956,1.0
0.468276,0.410382,1.0
0.541246,0.557817,1.0
0.492447,0.507614,1.0
0.443495,0.560503,1.0
0.498703,0.452925,1.0
0.476638,0.559771,1.0
0.49028,0.47084,1.0
0.423139,0.441908,1.0
0.567461,0.46202,1.0
0.553392,0.560839,1.0
0.55916,0.483993,1.0
0.515122,0.527909,1.0
0.435835,0.514328,1.0
0.518265,0.549303,1.0
0.417371,0.450179,1.0
0.578661,0.451491,1.0
0.461501,0.530442,1.0
0.413923,0.516312,1.0
0.559404,0.559832,1.0
0.446211,0.492782,1.0
0.473647,0.513291,1.0
0.416059,0.546007,1.0
0.534776,0.563066,1.0
0.556993,0.519181,1.0
0.406415,0.4962,1.0
0.573443,0.488327,1.0
0.597003,0.491653,1.0
0.530229,0.453261,1.0
0.492813,0.598804,1.0
0.532273,0.52385,1.0
0.527177,0.588946,1.0
0.493545,0.517624,1.0
0.47148,0.525498,1.0
0.524918,0.591205,1.0
0.547563,0.55858,1.0
0.535936,0.486435,1.0
0.464583,0.501572,1.0
0.485153,0.450789,1.0
0.489914,0.513993,1.0
0.449507,0.430586,1.0
0.512406,0.554765,1.0
0.450453,0.563463,1.0
0.498764,0.549242,1.0
0.495712,0.575793,1.0
0.511612,0.488876,1.0
0.480117,0.473922,1.0
0.585772,0.455031,1.0
0.571978,0.430738,1.0
0.473189,0.488845,1.0
0.591418,0.508896,1.0
0.460982,0.53148,1.0
0.496841,0.517014,1.0
0.435499,0.424177,1.0
0.467269,0.496933,1.0
0.573656,0.465835,1.0
0.500473,0.578784,1.0
0.555559,0.450484,1.0
0.505661,0.536058,1.0
0.549516,0.56914,1.0
0.401563,0.508225,1.0
0.551073,0.548112,1.0
0.556322,0.444014,1.0
0.498062,0.576189,1.0
0.532273,0.548112,1.0
0.453352,0.427107,1.0
0.547441,0.478744,1.0
0.53206,0.544481,1.0
0.525529,0.569567,1.0
0.535173,0.48677,1.0
0.492538,0.542314,1.0
0.47911,0.426984,1.0
0.468001,0.442274,1.0
0.483993,0.472884,1.0
0.473556,0.448012,1.0
0.530931,0.43788,1.0
0.536729,0.585376,1.0
0.497909,0.464003,1.0
0.428297,0.51738,1.0
0.499649,0.546037,1.0
0.492996,0.482131,1.0
0.407208,0.5197,1.0
0.426649,0.493179,1.0
0.513901,0.412946,1.0
0.466475,0.506088,1.0
0.594989,0.505325,1.0
0.443129,0.435682,1.0
0.416883,0.449995,1.0
0.426466,0.477615,1.0
0.549211,0.550737,1.0
0.513108,0.518052,1.0
0.461959,0.542009,1.0
0.574297,0.536973,1.0
0.468032,0.491195,1.0
0.542467,0.427656,1.0
0.43852,0.501724,1.0
0.596057,0.492294,1.0
0.475509,0.478103,1.0
0.513504,0.4185,1.0
0.593524,0.473525,1.0
0.487411,0.457595,1.0
0.490524,0.434858,1.0
0.435408,0.561327,1.0
0.41728,0.464187,1.0
0.469649,0.445235,1.0
0.461653,0.520951,1.0
0.528855,0.428175,1.0
0.527696,0.521226,1.0
0.534104,0.583514,1.0
0.436659,0.540849,1.0
0.404675,0.472243,1.0
0.539415,0.423505,1.0
0.588549,0.506699,1.0
0.491501,0.511765,1.0
0.444227,0.486251,1.0
0.510971,0.450331,1.0
0.457533,0.438581,1.0
0.494705,0.582598,1.0
0.477218,0.411908,1.0
0.561846,0.57625,1.0
0.537584,0.420576,1.0
0.473861,0.534104,1.0
0.441145,0.527482,1.0
0.561785,0.516984,1.0
0.487899,0.425306,1.0
0.452254,0.53798,1.0
0.501694,0.560717,1.0
0.50322,0.598315,1.0
0.461776,0.578051,1.0
0.557207,0.444227,1.0
0.445479,0.446791,1.0
0.422437,0.506729,1.0
0.491501,0.446547,1.0
0.487808,0.526719,1.0
0.497299,0.552538,1.0
0.554765,0.485855,1.0
0.560991,0.481124,1.0
0.428877,0.467635,1.0
0.504593,0.556536,1.0
0.446028,0.444838,1.0
0.443525,0.577105,1.0
0.49852,0.528428,1.0
0.454237,0.502274,1.0
0.515519,0.461013,1.0
0.484146,0.549913,1.0
0.516434,0.401502,1.0
0.533006,0.508042,1.0
0.453902,0.513596,1.0
0.471023,0.457076,1.0
0.476058,0.49144,1.0
0.599292,0.492874,1.0
0.471877,0.444227,1.0
0.424696,0.544572,1.0
0.57326,0.541826,1.0
0.571612,0.482437,1.0
0.562975,0.548814,1.0
0.591418,0.523972,1.0
0.565294,0.536912,1.0
0.501267,0.417737,1.0
0.424604,0.458113,1.0
0.495285,0.563646,1.0
0.553026,0.52501,1.0
0.556169,0.421796,1.0
0.46324,0.560503,1.0
0.538011,0.52327,1.0
0.512741,0.424909,1.0
0.473342,0.538133,1.0
0.537034,0.449721,1.0
0.501968,0.44142,1.0
0.428663,0.434797,1.0
0.52324,0.479354,1.0
0.561602,0.553087,1.0
0.773095,0.782769,2.0
0.7734,0.762169,2.0
0.761162,0.74456,2.0
0.749779,0.84344,2.0
0.749443,0.766686,2.0
0.728172,0.719321,2.0
0.830958,0.720634,2.0
0.778039,0.707114,2.0
0.707633,0.700613,2.0
0.689718,0.740349,2.0
0.734581,0.828394,2.0
0.752251,0.816675,2.0
0.678091,0.700186,2.0
0.797479,0.729148,2.0
0.817499,0.706473,2.0
0.788629,0.78106,2.0
0.788476,0.72045,2.0
0.785821,0.812403,2.0
0.737541,0.717917,2.0
0.81576,0.773461,2.0
0.807794,0.723411,2.0
0.73101,0.824488,2.0
0.795099,0.710685,2.0
0.831782,0.74218,2.0
0.675527,0.734855,2.0
0.702109,0.799524,2.0
0.725059,0.823542,2.0
0.747612,0.794946,2.0
0.834681,0.792322,2.0
0.825831,0.685415,2.0
0.786645,0.749077,2.0
0.726218,0.661611,2.0
0.732963,0.660787,2.0
0.807184,0.714072,2.0
0.666341,0.704703,2.0
0.752068,0.74868,2.0
0.660756,0.757134,2.0
0.830317,0.718436,2.0
0.701956,0.747459,2.0
0.765435,0.817743,2.0
0.761406,0.741111,2.0
0.78164,0.814264,2.0
0.709037,0.785577,2.0
0.837764,0.740013,2.0
0.688253,0.718497,2.0
0.72042,0.828303,2.0
0.802789,0.732414,2.0
0.733604,0.795923,2.0
0.825709,0.752098,2.0
0.680746,0.806146,2.0
0.693716,0.794153,2.0
0.780114,0.71334,2.0
0.73809,0.776574,2.0
0.710837,0.701437,2.0
0.809137,0.801904,2.0
0.723289,0.754753,2.0
0.671163,0.756096,2.0
0.76867,0.775811,2.0
0.802393,0.724662,2.0
0.80697,0.726279,2.0
0.777429,0.660573,2.0
0.751549,0.723319,2.0
0.744041,0.735374,2.0
0.711966,0.822657,2.0
0.736381,0.757317,2.0
0.699179,0.751335,2.0
0.715476,0.774834,2.0
0.832606,0.726524,2.0
0.779595,0.750267,2.0
0.795587,0.838343,2.0
0.786065,0.681112,2.0
0.794336,0.782708,2.0
0.779168,0.845637,2.0
0.802911,0.759667,2.0
0.739067,0.695273,2.0
0.816401,0.774834,2.0
0.82049,0.758934,2.0
0.789972,0.675924,2.0
0.684133,0.773125,2.0
0.737449,0.698325,2.0
0.821497,0.766686,2.0
0.665334,0.80282,2.0
0.783502,0.762322,2.0
0.677511,0.744377,2.0
0.714011,0.776788,2.0
0.754448,0.847926,2.0
0.672384,0.735801,2.0
0.730094,0.735496,2.0
0.725211,0.821375,2.0
0.729789,0.741447,2.0
0.675008,0.722068,2.0
0.846217,0.736991,2.0
0.683218,0.737632,2.0
0.82696,0.800134,2.0
0.691336,0.731101,2.0
0.733299,0.737846,2.0
0.808069,0.80166,2.0
0.703879,0.775231,2.0
0.729606,0.682913,2.0
0.735374,0.791406,2.0
0.795282,0.73513,2.0
0.764061,0.777917,2.0
0.730552,0.784173,2.0
0.758599,0.747246,2.0
0.670888,0.744316,2.0
0.75042,0.765526,2.0
0.817743,0.80285,2.0
0.682241,0.749596,2.0
0.743431,0.843593,2.0
0.841578,0.769555,2.0
0.678091,0.745537,2.0
0.729453,0.721213,2.0
0.807672,0.710837,2.0
0.844691,0.742363,2.0
0.8417,0.781243,2.0
0.714682,0.715537,2.0
0.746483,0.677633,2.0
0.797815,0.673971,2.0
0.684133,0.699881,2.0
0.720817,0.706015,2.0
0.691244,0.823267,2.0
0.704428,0.768151,2.0
0.76162,0.780358,2.0
0.720847,0.680746,2.0
0.674459,0.79342,2.0
0.684744,0.688589,2.0
0.825922,0.78811,2.0
0.742058,0.762413,2.0
0.816797,0.745659,2.0
0.699881,0.807764,2.0
0.718467,0.771722,2.0
0.706137,0.705527,2.0
0.704367,0.674581,2.0
0.818415,0.815149,2.0
0.705039,0.753075,2.0
0.77929,0.687551,2.0
0.688162,0.78515,2.0
0.69393,0.798486,2.0
0.808466,0.682424,2.0
0.785607,0.728782,2.0
0.809717,0.705222,2.0
0.791589,0.835078,2.0
0.707022,0.682974,2.0
0.704642,0.830714,2.0
0.741295,0.827174,2.0
0.784845,0.703085,2.0
0.753441,0.734733,2.0
0.821833,0.703482,2.0
0.723624,0.771294,2.0
0.809412,0.763604,2.0
0.699881,0.688345,2.0
0.726707,0.685202,2.0
0.759484,0.79458,2.0
0.736961,0.740623,2.0
0.783319,0.688314,2.0
0.67272,0.692007,2.0
0.687094,0.691336,2.0
0.842036,0.787713,2.0
0.70745,0.804651,2.0
0.75103,0.660237,2.0
0.794885,0.782617,2.0
0.747887,0.827174,2.0
0.698843,0.720817,2.0
0.660268,0.72042,2.0
0.823542,0.708182,2.0
0.745201,0.779473,2.0
0.783624,0.659474,2.0
0.840266,0.757408,2.0
0.752373,0.673788,2.0
0.8052,0.749535,2.0
0.819361,0.758812,2.0
0.800501,0.773553,2.0
0.674856,0.708792,2.0
0.801202,0.776086,2.0
0.669668,0.799005,2.0
0.780999,0.733329,2.0
0.676595,0.687185,2.0
0.71926,0.775994,2.0
0.795373,0.756706,2.0
0.775201,0.721183,2.0
0.751457,0.837062,2.0
0.764,0.833827,2.0
0.796564,0.81576,2.0
0.786126,0.665792,2.0
0.733207,0.84341,2.0
0.706046,0.763207,2.0
0.776269,0.810144,2.0
0.69689,0.66686,2.0
0.768303,0.76162,2.0
0.761681,0.747459,2.0
0.75576,0.677633,2.0
0.696524,0.804315,2.0
0.738731,0.831294,2.0
0.722068,0.756401,2.0
0.764214,0.761589,2.0
0.69686,0.759514,2.0
0.710746,0.673452,2.0
0.78045,0.682821,2.0
0.709311,0.809717,2.0
0.791772,0.802057,2.0
0.76574,0.676565,2.0
0.739433,0.738365,2.0
0.773736,0.702963,2.0
0.840297,0.751244,2.0
0.773278,0.738182,2.0
0.745506,0.665639,2.0
0.790399,0.820246,2.0
0.811945,0.752739,2.0
0.741295,0.651021,2.0
0.707266,0.824671,2.0
0.712851,0.680136,2.0
0.761376,0.740959,2.0
0.781426,0.781243,2.0
0.730613,0.720267,2.0
0.80221,0.793054,2.0
0.807184,0.757012,2.0
0.774041,0.7846,2.0
0.718711,0.672262,2.0
0.678884,0.691885,2.0
0.742363,0.660878,2.0
0.707236,0.680685,2.0
0.754173,0.770257,2.0
0.690298,0.746025,2.0
0.764336,0.808069,2.0
0.834223,0.76867,2.0
0.824946,0.769982,2.0
0.777184,0.684072,2.0
0.730583,0.667714,2.0
0.70452,0.797754,2.0
0.763695,0.829951,2.0
0.760765,0.72808,2.0
0.826624,0.759301,2.0
0.793359,0.837825,2.0
0.741417,0.672872,2.0
0.794519,0.839381,2.0
0.744469,0.659261,2.0
0.740196,0.751152,2.0
0.770196,0.678854,2.0
0.696738,0.670003,2.0
0.679464,0.779046,2.0
0.768029,0.758904,2.0
0.825159,0.750694,2.0
0.842921,0.746086,2.0
0.752678,0.803674,2.0
0.77987,0.761101,2.0
0.794855,0.727439,2.0
0.667379,0.798242,2.0
0.789483,0.815516,2.0
0.791864,0.671346,2.0
0.697745,0.782373,2.0
0.65624,0.764336,2.0
0.706778,0.783532,2.0
0.841762,0.712149,2.0
0.845119,0.762383,2.0
0.778924,0.751549,2.0
0.696402,0.82168,2.0
0.797876,0.745781,2.0
0.73693,0.714652,2.0
0.819361,0.768853,2.0
0.801019,0.829798,2.0
0.739036,0.713095,2.0
0.79696,0.795068,2.0
0.734306,0.738487,2.0
0.761498,0.841945,2.0
0.72512,0.672109,2.0
0.801935,0.693777,2.0
0.802271,0.742027,2.0
0.703574,0.743614,2.0
0.793359,0.801508,2.0
0.808802,0.692618,2.0
0.808527,0.787622,2.0
0.690481,0.73281,2.0
0.813776,0.713218,2.0
0.833552,0.739982,2.0
0.774651,0.761925,2.0
0.70983,0.690512,2.0
0.693655,0.704978,2.0
0.815943,0.748863,2.0
0.73397,0.725852,2.0
0.775079,0.790307,2.0
0.770287,0.756279,2.0
0.763695,0.764794,2.0
0.7434,0.684194,2.0
0.816065,0.737541,2.0
0.720603,0.773736,2.0
0.741783,0.779107,2.0
0.819391,0.749351,2.0
0.763207,0.732414,2.0
0.830836,0.71923,2.0
0.672262,0.707907,2.0
0.727317,0.830988,2.0
0.703848,0.724387,2.0
0.684469,0.728141,2.0
0.775567,0.826411,2.0
0.69097,0.818171,2.0
0.736747,0.737175,2.0
0.804193,0.806024,2.0
0.69512,0.827937,2.0
0.77163,0.751549,2.0
0.782922,0.838527,2.0
0.782983,0.741722,2.0
0.681051,0.772362,2.0
0.730552,0.773339,2.0
0.832545,0.77163,2.0
0.734184,0.6751,2.0
0.803369,0.788415,2.0
0.830134,0.739982,2.0
0.705283,0.837367,2.0
0.770501,0.807886,2.0
0.664357,0.794733,2.0
0.802515,0.79107,2.0
0.695883,0.755455,2.0
0.737541,0.813684,2.0
0.782983,0.707389,2.0
0.791314,0.669057,2.0
0.681478,0.797113,2.0
0.762291,0.780023,2.0
0.78634,0.787988,2.0
0.659108,0.768273,2.0
0.696982,0.754479,2.0
0.822321,0.793115,2.0
0.769799,0.788781,2.0
0.66036,0.734428,2.0
0.663045,0.723746,2.0
0.713218,0.810846,2.0
0.769158,0.820185,2.0
0.755425,0.654134,2.0
0.696036,0.762658,2.0
0.651601,0.758812,2.0
0.765954,0.686422,2.0
0.733146,0.736259,2.0
0.727622,0.837611,2.0
0.791131,0.728843,2.0
0.81048,0.757653,2.0
0.757622,0.768853,2.0
0.744774,0.775018,2.0
0.699698,0.817866,2.0
0.681234,0.758415,2.0
0.779046,0.711325,2.0
0.747124,0.742759,2.0
0.785455,0.820795,2.0
0.680349,0.694662,2.0
0.81344,0.730033,2.0
0.721946,0.738487,2.0
0.799646,0.772607,2.0
0.747642,0.720634,2.0
0.841243,0.756829,2.0
0.762322,0.77752,2.0
0.751549,0.803613,2.0
0.826594,0.794305,2.0
0.785028,0.661824,2.0
0.71749,0.66863,2.0
0.785638,0.666799,2.0
0.670858,0.758538,2.0
0.797845,0.7987,2.0
0.663076,0.744224,2.0
0.770745,0.700491,2.0
0.668569,0.740379,2.0
0.768517,0.823054,2.0
0.656484,0.729514,2.0
0.716422,0.694845,2.0
0.738609,0.751244,2.0
0.837764,0.754021,2.0
0.760949,0.701346,2.0
0.807581,0.830348,2.0
0.727805,0.793359,2.0
0.6686,0.807642,2.0
0.779992,0.760338,2.0
0.838069,0.790094,2.0
0.777551,0.709189,2.0
0.686087,0.781457,2.0
0.702872,0.804804,2.0
0.779748,0.808649,2.0
0.826014,0.691427,2.0
0.746757,0.771508,2.0
0.744774,0.706748,2.0
0.716178,0.788965,2.0
0.79696,0.664663,2.0
0.753227,0.753838,2.0
0.683584,0.72393,2.0
0.698294,0.74337,2.0
0.809351,0.814173,2.0
0.798669,0.749382,2.0
0.768059,0.823695,2.0
0.722556,0.757408,2.0
0.724418,0.756615,2.0
0.661763,0.730186,2.0
0.673421,0.765404,2.0
0.720878,0.720084,2.0
0.810877,0.773461,2.0
0.817499,0.7575,2.0
0.703879,0.710562,2.0
0.771935,0.763176,2.0
0.697501,0.691977,2.0
0.717338,0.775872,2.0
0.794183,0.78222,2.0
0.80636,0.749046,2.0
0.740959,0.730094,2.0
0.729331,0.726188,2.0
0.802301,0.740379,2.0
0.676778,0.757378,2.0
0.778588,0.657064,2.0
0.718558,0.662648,2.0
0.766106,0.786248,2.0
0.808344,0.796289,2.0
0.730125,0.714316,2.0
0.769372,0.652455,2.0
0.714042,0.763115,2.0
0.675039,0.8052,2.0
0.780511,0.670644,2.0
0.710959,0.793481,2.0
0.822535,0.726707,2.0
0.774468,0.801202,2.0
0.730644,0.797235,2.0
0.760155,0.761925,2.0
0.726676,0.71099,2.0
0.775079,0.716788,2.0
0.684774,0.748436,2.0
0.82342,0.692923,2.0
0.688162,0.714682,2.0
0.763298,0.773797,2.0
0.805719,0.720023,2.0
0.720542,0.772301,2.0
0.734581,0.657399,2.0
0.754631,0.691702,2.0
0.75869,0.755028,2.0
0.691794,0.705527,2.0
0.660543,0.72927,2.0
0.778161,0.780358,2.0
0.833338,0.74102,2.0
0.815668,0.686544,2.0
0.818995,0.757714,2.0
0.710562,0.823878,2.0
0.715018,0.822382,2.0
0.804804,0.707999,2.0
0.761284,0.691946,2.0
0.770562,0.701132,2.0
0.726981,0.846828,2.0
0.740776,0.698599,2.0
0.690359,0.807215,2.0
0.801874,0.815088,2.0
0.718589,0.805658,2.0
0.770837,0.654805,2.0
0.720969,0.655568,2.0
0.758232,0.783258,2.0
0.67922,0.805536,2.0
0.83105,0.777673,2.0
0.803278,0.825983,2.0
0.792718,0.727775,2.0
0.778161,0.775109,2.0
0.746696,0.721152,2.0
0.750389,0.813929,2.0
0.707419,0.840297,2.0
0.703726,0.798181,2.0
0.771874,0.705679,2.0
0.677328,0.752342,2.0
0.819941,0.762963,2.0
0.671041,0.724845,2.0
0.79107,0.808771,2.0
0.742912,0.693258,2.0
0.81048,0.742821,2.0
0.735435,0.745293,2.0
0.739921,0.718192,2.0
0.810541,0.701285,2.0
0.708518,0.728843,2.0
0.6863,0.790246,2.0
0.732597,0.671194,2.0
0.823969,0.736564,2.0
0.727927,0.733879,2.0
0.761345,0.806421,2.0
0.770409,0.82403,2.0
0.774377,0.715567,2.0
0.756127,0.722068,2.0
0.68862,0.717826,2.0
0.72338,0.793909,2.0
0.796808,0.675588,2.0
0.71218,0.79812,2.0
0.803125,0.700339,2.0
0.840266,0.719169,2.0
0.76925,0.80047,2.0
0.737571,0.790368,2.0
0.71276,0.830592,2.0
0.800684,0.754204,2.0
0.651906,0.75869,2.0
0.656545,0.743156,2.0
0.712699,0.750053,2.0
0.767205,0.845424,2.0
0.72805,0.770196,2.0
0.804071,0.726981,2.0
0.83929,0.709555,2.0
0.82165,0.696799,2.0
0.833827,0.736167,2.0
0.726768,0.803644,2.0
0.791559,0.839717,2.0
0.837642,0.71041,2.0
